TERM,SUBJECT,"CATALOG NBR","CLASS SECTION","COURSE DESCR","INSTR LAST NAME","INSTR FIRST NAME",A,B,C,D,F,"TOTAL DROPPED","AVG GPA"
"Summer 2019",AAS,3356,1,"Africana Thought & Philosophy",Allen,"Charles Edward",11,0,0,0,0,1,3.88
"Summer 2019",AAS,2320,2,"Intro To African American Stdy",Edwards,"Crystal Latanya",12,6,5,6,1,4,2.755
"Summer 2019",AAS,6311,1,"Afr-Amer Soc & Phil Fndtns",Conyers,"James l",13,0,0,0,0,1,4
"Summer 2019",AAS,2320,1,"Intro To African American Stdy",Thompson,"Kevin Bernard",20,5,1,2,0,3,3.512
"Summer 2019",AAS,3354,1,"AF Nation'st Thought Ethics/US",Conyers,"James l",25,0,0,0,0,1,4
"Summer 2019",ACCT,5330,1,"Advanced Accounting",Ramaswamy,Vinita,1,5,2,3,0,0,2.454
"Summer 2019",ACCT,5368,1,"Intermediate Accounting II",Yampuler,Michael,6,1,2,0,1,2,3.067
"Summer 2019",ACCT,5335,1,"Financial Statement Auditing",Kuruvilla,Mohan,6,1,4,1,0,0,3.028
"Summer 2019",ACCT,4335,2,"Financial Statement Auditing",Kuruvilla,Mohan,6,5,5,6,3,1,2.266
"Summer 2019",ACCT,4335,1,"Financial Statement Auditing",Kuruvilla,Mohan,7,7,7,3,0,1,2.805
"Summer 2019",ACCT,3367,2,"Intermediate Accounting I",Kuruvilla,Mohan,7,21,11,6,3,14,2.575
"Summer 2019",ACCT,2332,3,"Acct Principles 2-Managerial",Newman,"Michael Ray",8,5,0,0,0,0,3.641
"Summer 2019",ACCT,7375,1,"Corporate Taxation",Fernandez,Ramon,9,18,1,0,0,1,3.404
"Summer 2019",ACCT,3367,1,"Intermediate Accounting I",Kuruvilla,Mohan,10,14,15,8,3,5,2.473
"Summer 2019",ACCT,3366,1,"Financial Reporting Frameworks",Harris,"Kathleen L",11,21,7,7,3,9,2.646
"Summer 2019",ACCT,4331,2,"Federal Income Tax-Individual",Fernandez,Ramon,11,23,5,0,0,0,3.264
"Summer 2019",ACCT,3366,2,"Financial Reporting Frameworks",Harris,"Kathleen L",11,24,9,2,7,8,2.547
"Summer 2019",ACCT,3368,1,"Intermediate Accounting II",Yampuler,Michael,12,13,17,1,1,0,2.795
"Summer 2019",ACCT,2332,1,"Acct Principles 2-Managerial",Weber,"Catherine K",14,13,8,5,2,1,2.801
"Summer 2019",ACCT,4331,1,"Federal Income Tax-Individual",Fernandez,Ramon,14,19,6,0,0,0,3.298
"Summer 2019",ACCT,3377,1,"Cost Accounting",Serrato,"Darlene Marie  Bohac",15,14,1,0,0,1,3.445
"Summer 2019",ACCT,7330,1,"Advanced Accounting",Ramaswamy,Vinita,15,15,3,0,0,1,3.394
"Summer 2019",ACCT,7397,1,"Selected Topics in Accounting",Evetts,"Nancy Zalmanek",16,4,0,0,0,0,3.8
"Summer 2019",ACCT,2331,2,"Acct Principles I - Financial",Sykes,"Mary Reeves",17,8,11,3,1,1,2.991
"Summer 2019",ACCT,2332,2,"Acct Principles 2-Managerial",Weber,"Catherine K",20,20,15,2,1,2,3.022
"Summer 2019",ACCT,2331,3,"Acct Principles I - Financial",Sykes,"Mary Reeves",21,9,10,2,1,1,3.131
"Summer 2019",ACCT,3368,2,"Intermediate Accounting II",Yampuler,Michael,21,19,9,0,2,2,3.131
"Summer 2019",ACCT,3371,1,"Accounting Information Systems",Leavins,"Johnny R",30,19,5,1,0,0,3.34
"Summer 2019",ACCT,7370,1,"Adv Fin Statement Auditing",Seltz,"Joe D",32,10,0,0,0,0,3.793
"Summer 2019",ACCT,7385,1,"Fraud Examination",Ramey,"Dan T",34,7,0,0,0,0,3.861
"Summer 2019",ANTH,2302,1,"Intro To Cultural Anth",Rodriguez,"Manuel De Jesus",24,0,0,0,0,1,3.89
"Summer 2019",ARCH,3398,2,"Independent Study",Diehl,Tom,0,0,11,0,0,0,2
"Summer 2019",ARCH,3397,6,"Selected Topics",Diehl,Tom,0,0,11,0,0,0,2
"Summer 2019",ARCH,5500,7,"Architecture Design Studio IX",Diehl,Tom,0,0,11,0,0,0,2
"Summer 2019",ARCH,1501,1,"Design Studio II",Wienert,"Ross George",3,8,3,0,0,0,3.094
"Summer 2019",ARCH,1500,1,"Design Studio I",Handanovic,Dijana,5,6,3,0,0,2,3.001
"Summer 2019",ARCH,1200,1,"Introduction to Design",Logan,Jason,9,3,0,0,0,1,3.695
"Summer 2019",ARCH,5500,5,"Architecture Design Studio IX",Truitt,"William C",11,0,0,0,0,0,4
"Summer 2019",ARCH,3398,3,"Independent Study",Truitt,"William C",12,0,0,0,0,0,4
"Summer 2019",ARCH,3397,5,"Selected Topics",Truitt,"William C",12,0,0,0,0,0,3.973
"Summer 2019",ART,1330,1,"Fundamentals of Graphic Design",Elestwani,"Maha Claire",5,9,5,1,0,0,2.95
"Summer 2019",ART,3370,1,"Traditional Photography",Forcier,"Sunni N",7,5,1,0,0,0,3.462
"Summer 2019",ART,3303,2,"Color, Materials and Methods",Elestwani,"Maha Claire",7,8,3,0,2,1,2.884
"Summer 2019",ART,3374,1,"Computer Imaging",Thomas,"Brittney Eileen",8,2,1,0,0,0,3.576
"Summer 2019",ART,1310,1,Fundamentls-Printmaking,Christlieb,"Lauren Nicole",12,3,0,0,0,0,3.844
"Summer 2019",ART,1301,1,"Fundamentls of Drawing",Litos,"Joshua David",13,0,0,1,0,0,3.786
"Summer 2019",ART,3300,1,"Intermediate Drawing",Hanna,"John H",17,3,0,0,0,0,3.85
"Summer 2019",ARTH,1381,1,"Art & Soc: Renaiss to Modern",Kubala,"Jessica Taylor",3,5,2,2,3,1,2.09
"Summer 2019",ASLI,1302,1,"Elementary Amer Sign Lang II",Pott,"Scot A",3,8,5,0,0,1,2.793
"Summer 2019",ATP,7302,1,"General Medical Conditions",Knoblauch,"Mark Alan",3,11,0,0,0,0,3.214
"Summer 2019",ATP,6301,1,"Anatomical Basis of Ath Injury",Harrison,Layci,6,5,1,0,0,0,3.417
"Summer 2019",ATP,7194,1,"Clinical Education IV",Knoblauch,"Mark Alan",7,6,0,0,0,0,3.538
"Summer 2019",ATP,7301,1,"Head, Neck & Spine Evaluation",Harrison,Layci,8,5,0,0,0,0,3.615
"Summer 2019",ATP,6302,1,"Emer Mgmt & Prevntn of Injury",Yellen,"Joshua B",11,1,0,0,0,0,3.917
"Summer 2019",ATP,6191,1,"Clinical Education I",Harrison,Layci,12,0,0,0,0,0,4
"Summer 2019",ATP,6102,1,"Emer Mgmt & Prevntn Injury Lab",Yellen,"Joshua B",12,0,0,0,0,0,4
"Summer 2019",ATP,6101,1,"Anat Basis of Ath Injury Lab",Harrison,Layci,12,0,0,0,0,0,4
"Summer 2019",ATP,7101,1,"Head, Neck & Spine Eval Lab",Harrison,Layci,13,0,0,0,0,0,4
"Summer 2019",BIOL,1161,5,"Intro To Biol Science Lab 1",Medrano,"Ana I",3,5,1,0,0,1,3.222
"Summer 2019",BIOL,1144,1,"Hum Anat Physiol Lab II",Gill,Tejendra,3,8,1,0,0,1,3.277
"Summer 2019",BIOL,1161,6,"Intro To Biol Science Lab 1",Medrano,"Ana I",5,6,0,1,0,1,3.333
"Summer 2019",BIOL,1144,3,"Hum Anat Physiol Lab II",Gill,Tejendra,5,7,6,3,0,2,2.667
"Summer 2019",BIOL,3330,1,"Biological Field Research",Cheek,"Ann Oliver",6,4,5,0,1,0,2.978
"Summer 2019",BIOL,1134,1,"Hum Anat Physiol Lab I",Gill,Tejendra,6,8,2,0,0,0,3.271
"Summer 2019",BIOL,6397,2,"Selected Topics in Biology",Sater,Amy,7,7,0,0,0,0,3.429
"Summer 2019",BIOL,6397,2,"Selected Topics in Biology",Valier,"Helen K",7,7,0,0,0,0,3.429
"Summer 2019",BIOL,1144,2,"Hum Anat Physiol Lab II",Gill,Tejendra,7,7,3,2,0,0,3.052
"Summer 2019",BIOL,1144,4,"Hum Anat Physiol Lab II",Gill,Tejendra,7,9,5,1,0,0,2.91
"Summer 2019",BIOL,1134,2,"Hum Anat Physiol Lab I",Gill,Tejendra,7,12,4,0,0,0,3.073
"Summer 2019",BIOL,1144,6,"Hum Anat Physiol Lab II",Gill,Tejendra,7,13,2,0,0,0,3.182
"Summer 2019",BIOL,1134,3,"Hum Anat Physiol Lab I",Gill,Tejendra,8,9,5,1,0,0,2.929
"Summer 2019",BIOL,1134,6,"Hum Anat Physiol Lab I",Gill,Tejendra,8,9,6,1,0,0,2.904
"Summer 2019",BIOL,1134,4,"Hum Anat Physiol Lab I",Gill,Tejendra,9,8,2,0,0,2,3.316
"Summer 2019",BIOL,1162,5,"Intro To Biol Science Lab 2",Hanke,"Marc H",11,1,0,0,0,0,3.834
"Summer 2019",BIOL,1162,1,"Intro To Biol Science Lab 2",Hanke,"Marc H",11,6,0,0,1,0,3.444
"Summer 2019",BIOL,1161,4,"Intro To Biol Science Lab 1",Medrano,"Ana I",11,6,2,0,1,1,3.35
"Summer 2019",BIOL,1161,1,"Intro To Biol Science Lab 1",Medrano,"Ana I",11,10,0,0,0,1,3.524
"Summer 2019",BIOL,1344,1,"Human Anatomy and Physiology 2",Vida,"Thomas A",12,23,15,7,0,4,2.679
"Summer 2019",BIOL,6397,1,"Selected Topics in Biology",Ottinger,"Mary A",13,1,0,0,0,0,3.858
"Summer 2019",BIOL,1162,6,"Intro To Biol Science Lab 2",Hanke,"Marc H",14,0,0,0,0,0,4
"Summer 2019",BIOL,1162,4,"Intro To Biol Science Lab 2",Hanke,"Marc H",15,5,0,0,0,1,3.767
"Summer 2019",BIOL,1161,2,"Intro To Biol Science Lab 1",Medrano,"Ana I",15,5,1,0,0,1,3.635
"Summer 2019",BIOL,1334,1,"Human Anatomy and Physiology 1",Wayne,"Chad M",15,34,31,6,0,13,2.625
"Summer 2019",BIOL,1161,3,"Intro To Biol Science Lab 1",Medrano,"Ana I",17,0,2,0,0,1,3.668
"Summer 2019",BIOL,1162,3,"Intro To Biol Science Lab 2",Hanke,"Marc H",18,2,0,0,0,1,3.884
"Summer 2019",BIOL,1162,2,"Intro To Biol Science Lab 2",Hanke,"Marc H",18,2,1,0,0,0,3.762
"Summer 2019",BIOL,1361,1,"Intro To Biological Science 1",Ogletree-Hughes,"Monique L",30,41,19,8,4,7,2.807
"Summer 2019",BIOL,1362,1,"Intro To Biological Science 2",Farmer,"Lisa M",32,29,17,7,3,3,2.902
"Summer 2019",CHEE,2332,1,"Chem Engr Thermodyn I",Fleischer,"Miguel T",3,5,7,6,1,3,2.046
"Summer 2019",CHEE,3321,1,"Analytical Methods Chem Engr",Nikolaou,Michael,5,8,5,1,1,0,2.717
"Summer 2019",CHEE,2331,1,"Chemical Processes",Henderson,"Jerrod A",5,9,7,0,3,2,2.583
"Summer 2019",CHEE,2331,2,"Chemical Processes",Henderson,"Jerrod A",6,5,2,0,0,0,3.257
"Summer 2019",CHEM,1112,18,"Fundamentals of Chm Lab",Zaitsev,"Vladimir G",2,9,3,0,0,0,2.999
"Summer 2019",CHEM,1112,7,"Fundamentals of Chm Lab",Zaitsev,"Vladimir G",2,12,2,0,0,1,3.062
"Summer 2019",CHEM,3222,1,"Fund of Organic Chem. Lab II",Zaitsev,"Vladimir G",2,12,2,1,0,1,3.038
"Summer 2019",CHEM,1111,6,"Fundamentals of Chm Lab",Zaitsev,"Vladimir G",2,13,0,0,0,1,3.309
"Summer 2019",CHEM,3222,3,"Fund of Organic Chem. Lab II",Zaitsev,"Vladimir G",2,17,2,0,0,0,2.937
"Summer 2019",CHEM,1111,2,"Fundamentals of Chm Lab",Zaitsev,"Vladimir G",3,6,0,0,0,0,3.26
"Summer 2019",CHEM,1112,1,"Fundamentals of Chm Lab",Zaitsev,"Vladimir G",3,8,0,0,0,0,3.213
"Summer 2019",CHEM,1112,8,"Fundamentals of Chm Lab",Zaitsev,"Vladimir G",3,9,3,0,0,1,3
"Summer 2019",CHEM,3221,1,"Fund of Organic Chem. Lab I",Zaitsev,"Vladimir G",3,14,0,0,1,1,3.037
"Summer 2019",CHEM,1111,16,"Fundamentals of Chm Lab",Zaitsev,"Vladimir G",3,14,2,0,0,0,3.053
"Summer 2019",CHEM,1111,14,"Fundamentals of Chm Lab",Zaitsev,"Vladimir G",4,5,3,0,0,1,3.193
"Summer 2019",CHEM,1111,1,"Fundamentals of Chm Lab",Zaitsev,"Vladimir G",4,9,3,0,0,0,3.104
"Summer 2019",CHEM,1111,17,"Fundamentals of Chm Lab",Zaitsev,"Vladimir G",5,5,3,0,0,0,3.002
"Summer 2019",CHEM,3221,4,"Fund of Organic Chem. Lab I",Zaitsev,"Vladimir G",5,6,3,0,0,3,3.072
"Summer 2019",CHEM,3221,2,"Fund of Organic Chem. Lab I",Zaitsev,"Vladimir G",5,7,3,0,0,0,3.111
"Summer 2019",CHEM,1112,15,"Fundamentals of Chm Lab",Zaitsev,"Vladimir G",5,9,0,1,0,1,3.266
"Summer 2019",CHEM,1112,2,"Fundamentals of Chm Lab",Zaitsev,"Vladimir G",5,9,2,0,0,1,3.126
"Summer 2019",CHEM,1112,17,"Fundamentals of Chm Lab",Zaitsev,"Vladimir G",5,10,3,0,0,0,3.056
"Summer 2019",CHEM,3221,3,"Fund of Organic Chem. Lab I",Zaitsev,"Vladimir G",5,12,3,0,0,1,3.084
"Summer 2019",CHEM,1112,9,"Fundamentals of Chm Lab",Zaitsev,"Vladimir G",6,6,2,1,0,0,3.067
"Summer 2019",CHEM,1331,2,"Fundamentals of Chemistry",Czernuszewicz,"Roman S",6,25,48,25,37,5,1.528
"Summer 2019",CHEM,1111,9,"Fundamentals of Chm Lab",Zaitsev,"Vladimir G",7,6,3,2,0,1,2.89
"Summer 2019",CHEM,3222,2,"Fund of Organic Chem. Lab II",Zaitsev,"Vladimir G",7,12,2,1,0,0,3.091
"Summer 2019",CHEM,1332,2,"Fundamentals of Chemistry",Czader,Arkadiusz,17,41,45,35,28,44,1.884
"Summer 2019",CIS,4375,1,"Project Management & Practice",Detillier,"Bret James",1,3,9,2,0,0,2.266
"Summer 2019",CIS,2334,2,"Information Systems Applicatns",Hu,Renjie,7,4,0,0,0,1,3.696
"Summer 2019",CIS,2334,1,"Information Systems Applicatns",Hu,Renjie,17,2,2,0,1,0,3.5
"Summer 2019",CIS,3355,1,"Integrated Information Systems",Miertschin,"Susan L",18,12,5,2,3,1,2.984
"Summer 2019",CIVE,2330,1,"Mechanics I (Statics)",Herman,Reagan,3,4,2,0,1,3,2.635
"Summer 2019",CIVE,2330,3,"Mechanics I (Statics)",Herman,Reagan,3,5,2,0,0,0,3.001
"Summer 2019",CIVE,4337,1,"Transportation Engineering",Siercks,"Megan Elizabeth",7,7,1,0,0,1,3.488
"Summer 2019",CNST,3355,1,"Strength of Construction Mtrls",Senouci,Ahmed,5,8,14,0,1,1,2.571
"Summer 2019",CNST,4341,1,"Project Controls",Hogan,"James Eugene",6,13,13,0,1,2,2.717
"Summer 2019",CNST,4302,1,"Construction Law and Ethics",Ducran,"Denis George",7,13,8,0,2,1,2.734
"Summer 2019",CNST,3155,1,"Const Materials & Testing",Senouci,Ahmed,8,9,6,0,1,2,2.958
"Summer 2019",CNST,3331,1,"Constructn Plan and Scheduling",Weintraub,"Marvin Stanley",16,13,1,0,1,0,3.387
"Summer 2019",CNST,3185,1,"Construction Experience",Stayshich,"David A",17,11,2,0,1,1,3.387
"Summer 2019",CNST,3301,1,"Constructn Equipment & Methods",Cluff,"Rodney R",19,3,1,0,0,0,3.811
"Summer 2019",CNST,3372,1,"Soil Mechanics & Foundations",Meyer,"Joseph Ray",20,12,2,0,0,2,3.52
"Summer 2019",CNST,3205,1,"Construction Safety Management",Hart,"Lee J",39,5,0,0,0,0,3.886
"Summer 2019",CNST,3205,1,"Construction Safety Management",Senouci,Ahmed,39,5,0,0,0,0,3.886
"Summer 2019",COMD,7381,1,"Medical SLP Seminar",Daniels,"Stephanie K",11,1,0,0,0,0,3.917
"Summer 2019",COMD,7382,1,"CLD Issues in SLP",Ivey,"Michelle L",14,0,0,0,0,0,4
"Summer 2019",COMD,7383,2,"Pediatric SLP Seminar",Ivey,"Michelle L",14,0,0,0,0,0,4
"Summer 2019",COMD,5341,1,"Comps & Strategies for SLPA I",Bolling,Kenyetta,14,0,1,0,0,0,3.845
"Summer 2019",COMD,5346,1,"SP/Lang Dis Adults for SLPA",Joseph,"Megan E",15,0,0,0,0,0,4
"Summer 2019",COMM,4397,8,"Selected Topics Communication",Brown,"Andrew D",2,15,10,1,2,0,2.467
"Summer 2019",COMM,1301,5,"Media and Society",Cutbirth,"Joe H.",4,7,0,1,0,1,3.194
"Summer 2019",COMM,3317,1,"Multimedia Journalism",Madrid-Morales,Daniel,6,3,6,0,0,0,3.11
"Summer 2019",COMM,2310,5,"Writing for Print and Digital",Crixell,"Charles A",6,11,2,0,0,1,3.228
"Summer 2019",COMM,1302,1,"Intro To Comm Theory",Lee,Jaesub,7,8,7,0,1,2,2.669
"Summer 2019",COMM,2310,1,"Writing for Print and Digital",Crixell,"Charles A",7,10,2,0,0,0,3.298
"Summer 2019",COMM,3353,1,"Information & Comm Tech I",Liu,Youmei,7,14,2,1,1,11,3
"Summer 2019",COMM,3380,1,"Electronic Field Production",Crowe,"Craig Warren",8,8,2,0,0,0,3.242
"Summer 2019",COMM,2300,1,"Communication Research Methods",Lyn,Robyn,9,6,3,2,5,1,2.493
"Summer 2019",COMM,4314,1,"Social Issues in Journalism",Dulin,Matt,10,9,1,0,0,0,3.401
"Summer 2019",COMM,1301,1,"Media and Society",Olson,"Beth M",10,23,5,4,0,4,2.944
"Summer 2019",COMM,4365,2,"Digital PR and Advertising",Choi,"Ho Joon",11,4,0,0,0,1,3.711
"Summer 2019",COMM,4368,1,"Public Relations Campaigns",Ashley,"Laura B",14,4,0,0,0,0,3.851
"Summer 2019",COMM,4354,1,"Organizational Crisis Comm.",Fix,"Julie B",15,2,0,0,0,0,3.805
"Summer 2019",COMM,1301,4,"Media and Society",Olson,"Beth M",15,20,3,2,0,3,3.101
"Summer 2019",COMM,4397,7,"Selected Topics Communication",Houk,"Keith R",16,1,0,0,0,0,3.805
"Summer 2019",COMM,3370,1,"History of Cinema",Northup,"Christopher Temple",16,5,2,0,5,0,3
"Summer 2019",COMM,4303,2,"Communication Law & Ethics",Kirkland,"Steven Earl",16,6,4,2,1,0,3.195
"Summer 2019",COMM,3383,1,"Non-linear Editing",Crowe,"Craig Warren",16,7,1,0,1,1,3.414
"Summer 2019",COMM,1301,2,"Media and Society",Leydon,"Joseph P",16,8,0,0,0,0,3.667
"Summer 2019",COMM,4355,1,"Organizational Comm",Lee,Jaesub,18,0,0,0,0,0,3.89
"Summer 2019",COMM,3353,2,"Information & Comm Tech I",Liu,Youmei,19,13,6,1,0,2,3.282
"Summer 2019",COMM,1301,6,"Media and Society",Lyn,Robyn,22,4,1,2,1,3,3.456
"Summer 2019",COMM,4397,4,"Selected Topics Communication",Freedman,Michael,23,2,0,0,0,0,3.828
"Summer 2019",COMM,4378,1,"Social Impact of Info Tech",Ashley,"Laura B",41,12,3,0,1,1,3.585
"Summer 2019",COMM,2320,1,"Fundamentals Media Production",Crowe,"Craig Warren",56,16,1,1,1,2,3.618
"Summer 2019",COSC,4335,1,"Data Mining",Rizk,"Nouhad J",3,13,2,0,0,1,2.982
"Summer 2019",COSC,3360,1,"Operating Systems",Paris,Jehan-Francois,10,11,8,1,5,4,2.647
"Summer 2019",COSC,1430,1,"Introduction to Programming","Rincon Castro","Carlos Alberto",17,12,13,4,12,11,2.288
"Summer 2019",COSC,2430,1,"Programming and Data Structure",Toti,Giulia,18,15,17,6,10,3,2.364
"Summer 2019",COSC,6368,1,"Artificial Intelligence",Vilalta,Ricardo,19,9,0,0,0,2,3.549
"Summer 2019",COSC,4377,1,"Intro To Computer Networks",Long,"Kevin B",24,18,2,0,0,3,3.485
"Summer 2019",COSC,1306,1,"Computer Science & Program",Hilford,Victoria,26,8,1,0,2,2,3.46
"Summer 2019",COSC,4353,1,"Software Design",Singh,"Raj Kumar",38,10,0,0,0,1,3.744
"Summer 2019",COSC,3320,1,"Algorithms and Data Structures",Leiss,"Ernst L",49,10,3,1,0,0,3.641
"Summer 2019",COSC,3340,1,"Intro. to Automata and Comp.",Leiss,"Ernst L",117,66,6,1,5,5,3.433
"Summer 2019",CUIN,3313,2,"Learning and Development Tech",Dogan,Bulent,9,4,0,1,1,1,3.179
"Summer 2019",CUIN,8338,1,"Global/International Education",White,"Cameron Scott",11,0,0,0,0,0,4
"Summer 2019",CUIN,7389,3,"Digital Media",McNeil,"Sara G",12,2,0,0,0,0,3.786
"Summer 2019",CUIN,7331,1,"Diag & Correctn Reading Probl",Reis,Nancy,13,0,0,0,0,0,4
"Summer 2019",CUIN,7305,4,"Design,Dev & Eval Presentation",McNeil,"Sara G",13,2,1,0,0,0,3.771
"Summer 2019",CUIN,7305,3,"Design,Dev & Eval Presentation",Handoko,Erwin,14,1,0,0,0,0,3.933
"Summer 2019",CUIN,3313,1,"Learning and Development Tech",Dogan,Bulent,14,9,2,2,1,1,3.202
"Summer 2019",CUIN,7389,2,"Digital Media",Handoko,Erwin,15,0,0,0,0,0,3.978
"Summer 2019",CUIN,7389,1,"Digital Media",Zhao,"George Z",15,0,1,0,0,0,3.834
"Summer 2019",CUIN,7389,4,"Digital Media",Zhang,Haoyue,15,1,0,0,0,0,3.917
"Summer 2019",CUIN,7305,2,"Design,Dev & Eval Presentation",Zhao,"George Z",16,0,0,0,0,0,3.979
"Summer 2019",CUIN,1103,1,"Educator Dispositions",Thompson,"Amber M",16,0,0,0,0,0,4
"Summer 2019",CUIN,6397,1,"Selected Topics in C&I",Manuel,"Mariam A",16,1,1,0,0,0,3.852
"Summer 2019",CUIN,4361,11,"Second Language Methodology",Leatherwood,"Lenora M",16,6,0,1,2,2,3.188
"Summer 2019",CUIN,7305,1,"Design,Dev & Eval Presentation",Gronseth,"Susie L B",17,0,0,0,0,0,3.981
"Summer 2019",CUIN,7340,3,"Issues in Math Education",Chauvot,"Jennifer B",17,0,1,0,0,0,3.889
"Summer 2019",CUIN,7305,5,"Design,Dev & Eval Presentation",Zhang,Haoyue,18,1,0,0,0,1,3.947
"Summer 2019",CUIN,6397,2,"Selected Topics in C&I",Manuel,"Mariam A",19,0,0,0,0,0,4
"Summer 2019",CUIN,4303,7,"Sec Language Acq",Deng,Xiongying,20,8,1,2,0,0,3.495
"Summer 2019",CUIN,4304,1,"La/Read Meth in Span",Avellaneda,Eulises,21,10,4,0,0,2,3.429
"Summer 2019",CUIN,4361,10,"Second Language Methodology",Leatherwood,"Lenora M",23,5,2,0,0,0,3.59
"Summer 2019",CUIN,3302,1,"Social Education",Thomas,"Dustine J",23,6,4,0,1,0,3.441
"Summer 2019",CUIN,4375,5,"Classroom Management",Thompson,"Alan M",23,8,3,0,0,0,3.588
"Summer 2019",CUIN,2320,5,"Mathematics for EC-6 Teachers",Burris,"Justin T",24,5,0,0,0,0,3.759
"Summer 2019",CUIN,4304,4,"La/Read Meth in Span",Avellaneda,Eulises,24,9,1,0,1,0,3.496
"Summer 2019",CUIN,4375,1,"Classroom Management",Templeton,"Stacey M",27,4,0,0,0,0,3.765
"Summer 2019",CUIN,3347,1,"Reading in the Content Area",Burren,"Roni Leigh",31,0,1,0,1,0,3.818
"Summer 2019",CUIN,3311,1,"Methods/Tech in Bilingual Educ",Velasquez,"Edna Viviana",33,5,0,1,0,0,3.736
"Summer 2019",CUST,8378,1,"Current Issues in Educ",Davis,"Tiffany J",15,2,0,0,0,0,3.921
"Summer 2019",DAN,2307,2,"Introduction to Dance",Bobet,"Jacqueline A",9,14,6,2,9,3,2.275
"Summer 2019",DAN,2307,1,"Introduction to Dance",Bobet,"Jacqueline A",10,6,5,4,3,9,2.43
"Summer 2019",DIGM,2351,1,"Web Design",Hargrove,"Mark Stephen",1,14,0,2,2,2,2.526
"Summer 2019",DIGM,3357,1,"Content Strategy & Development",Hollis,Melody,3,12,1,0,0,0,3.125
"Summer 2019",DIGM,3325,30,"Info Tech for Digital Media",Hargrove,"Mark Stephen",7,4,4,1,0,0,3.021
"Summer 2019",DIGM,2353,1,"Page Layout and Design","De Vega","Jaime M",7,13,3,0,0,2,3.174
"Summer 2019",DIGM,3354,30,"Video Production 1",Snyder,"Philip Charles",8,4,1,0,0,0,3.462
"Summer 2019",DIGM,2352,1,"Digital Photography",Snyder,"Philip Charles",8,6,3,0,2,0,2.93
"Summer 2019",DIGM,3353,30,"Visual Communications Tech",Dozier,"Devin K",10,5,4,2,5,0,2.411
"Summer 2019",DIGM,3351,30,"Graphic Prod Process Control I",Waite,"Jerry J",13,4,1,0,0,0,3.612
"Summer 2019",DIGM,1350,1,"Graphics for Digital Media",Charleville,"Patrice E",21,14,3,2,5,5,2.912
"Summer 2019",DIGM,3353,1,"Visual Communications Tech",Bravo,"Gina C",52,5,1,0,0,0,3.817
"Summer 2019",ECE,2202,1,"Circuit Analysis II",Shattuck,"David P",4,2,7,0,1,3,2.689
"Summer 2019",ECE,3355,1,Electronics,Ruchhoeft,Paul,4,3,3,0,0,0,3.034
"Summer 2019",ECE,3337,1,"Signals and Systems Analysis",Hebert,"Thomas James",4,7,2,0,0,0,3.205
"Summer 2019",ECE,2201,1,"Circuit Analysis I",Trombetta,"Leonard P",4,10,4,2,1,7,2.651
"Summer 2019",ECE,3331,1,"Program Appl in Elec Comp Engr",Hebert,"Thomas James",5,4,3,0,0,0,3.332
"Summer 2019",ECON,2370,2,"Intro to Econ Data Analysis",Azizaj,Eris,3,4,5,1,5,0,1.908
"Summer 2019",ECON,2305,4,"Macroeconomic Principles",Parsi,Reza,3,5,2,0,0,2,3.232
"Summer 2019",ECON,3334,1,"Intermediate Macroeconomics",Ihuarulam,"Emeka Nicodemus",4,3,3,2,0,0,2.64
"Summer 2019",ECON,3332,1,"Intermediate Microeconomics",Luh,Elizabeth,4,4,3,2,0,0,2.769
"Summer 2019",ECON,2305,1,"Macroeconomic Principles",Parsi,Reza,4,6,5,0,1,0,2.709
"Summer 2019",ECON,3332,2,"Intermediate Microeconomics",Labadie,"William C",5,2,3,4,4,2,2.055
"Summer 2019",ECON,3334,2,"Intermediate Macroeconomics","Peru Durayalage","Dhanushka Arunasiri",7,3,1,2,0,1,3.027
"Summer 2019",ECON,2305,3,"Macroeconomic Principles",Verma,Priyam,8,12,4,0,1,5,3.066
"Summer 2019",ECON,6693,1,"Master's Research Project",Boul,Ruxandra,9,1,0,0,0,0,3.867
"Summer 2019",ECON,6693,1,"Master's Research Project",Zhivan,"Natalia A.",9,1,0,0,0,0,3.867
"Summer 2019",ECON,2304,1,"Microeconomic Principles",Xu,Dingyi,10,6,3,0,1,1,3.052
"Summer 2019",ECON,4390,2,"Economics Internship",Boul,Ruxandra,12,0,0,0,0,0,3.945
"Summer 2019",ECON,4390,2,"Economics Internship",Clarke,"Christopher Arthur",12,0,0,0,0,0,3.945
"Summer 2019",ECON,2304,2,"Microeconomic Principles",Khanna,Kriti,12,8,4,2,0,0,3.179
"Summer 2019",ECON,3368,1,"Economics of Health Care",Zhivan,"Natalia A.",12,12,5,2,0,2,3.097
"Summer 2019",ECON,2304,3,"Microeconomic Principles",Bhattacharya,Shreya,16,12,0,0,0,2,3.583
"Summer 2019",ECON,3370,1,"Introduction To Econometrics",Boul,Ruxandra,17,9,8,1,5,2,2.792
"Summer 2019",EDRS,8382,2,"Statistical Analyses in Eductn",Stallworth,Lance,9,2,0,0,0,0,3.788
"Summer 2019",ELCS,8356,2,"Program Policy Evaluation",Ledford,"Alice Talbert",6,7,0,1,0,0,3.168
"Summer 2019",ELCS,8350,1,"Resource Management",Young,"Yolanda Yvette",9,4,0,0,0,0,3.489
"Summer 2019",ELCS,6330,2,"Finance & School-Based Budgtng",Padavil,Devin,10,1,0,0,0,0,3.879
"Summer 2019",ELCS,8355,2,"Policy Pol & Gov of Education",Martinez,Roberto,11,0,0,0,0,0,4
"Summer 2019",ELCS,6320,1,"Instructional Supervision",Williams,"April Lyman",11,0,0,0,0,0,4
"Summer 2019",ELCS,6327,1,"Measurement Eval Research",Khalaf,Shiva,16,0,0,0,0,0,3.979
"Summer 2019",ELCS,8338,1,"Admin Higher Educ Multiculset",Moffett,"Raphael Xaveria",16,0,1,0,0,0,3.902
"Summer 2019",ELCS,6330,1,"Finance & School-Based Budgtng",Henry,"Cheryl Turner",17,0,0,0,0,1,4
"Summer 2019",ELCS,8191,1,"Special Field Projects",Poerschke,"Amy R",26,0,0,0,0,0,4
"Summer 2019",ELCS,6310,5,"Strategic Engagement",Maldonado,Samuel,28,1,0,0,0,0,3.954
"Summer 2019",ELCS,6393,5,Practicum,Poerschke,"Amy R",29,0,0,0,0,0,4
"Summer 2019",ELCS,6350,5,"School Leadership-Principalshp","Long III",Robert,31,1,0,0,0,0,3.958
"Summer 2019",ELCS,6304,5,"Law & Policy for School Leader",Martinez,Roberto,32,0,0,0,0,0,4
"Summer 2019",ELED,3320,1,"Survey Literature Child Adol",Tyson,"Eleanore S",15,12,0,0,0,0,3.458
"Summer 2019",ELED,3320,3,"Survey Literature Child Adol",Oliver,"Patricia Ann",23,3,0,0,0,0,3.834
"Summer 2019",ELED,3322,1,"Elem Reading Phonics Instructn",McGaha,"Katherine Ruth",26,3,0,0,0,1,3.862
"Summer 2019",ELED,4320,1,"Social Studies Ele Sch",Brower,"Samuel Richard",27,1,1,1,0,0,3.756
"Summer 2019",ELET,3425,1,"Embedded Systems",Moges,"Mequanint A",2,5,6,0,0,0,2.642
"Summer 2019",ELET,3405,1,"Microprocessor Architecture",Moges,"Mequanint A",3,7,10,1,0,1,2.571
"Summer 2019",ELET,3301,1,"Linear Systems Analysis",Talusani,"Pratap Reddy",8,17,5,0,0,0,3.144
"Summer 2019",ELET,2300,1,"Introductn To C++ Programming",Tsegaye,Mikias,10,13,3,0,0,2,3.32
"Summer 2019",ELET,4315,1,Telecommunications,Gundrum,"Russell F",26,2,0,0,0,0,3.929
"Summer 2019",ELET,2300,2,"Introductn To C++ Programming",Tsegaye,Mikias,34,10,1,0,0,1,3.733
"Summer 2019",ENGI,1100,1,"Introduction To Engineering",Kowal,"Marsha Christine",14,10,3,0,0,0,3.407
"Summer 2019",ENGI,2304,3,"Technical Communications",Estrada,Carl,15,1,0,0,0,0,3.917
"Summer 2019",ENGI,1331,1,"Computing for Engineers",Burleson,"Daniel W",16,20,16,14,3,13,2.502
"Summer 2019",ENGI,2304,5,"Technical Communications",Anderson,"Roshawnda M",18,0,0,0,0,0,3.835
"Summer 2019",ENGI,2304,1,"Technical Communications",Salvo,"Deborah C",22,1,0,0,0,0,3.957
"Summer 2019",ENGL,1303,2,"First Year Writing I",Pegoda,"Andrew Joseph",4,8,1,0,2,1,2.778
"Summer 2019",ENGL,1303,1,"First Year Writing I",Rolater,"Sara C",5,6,3,0,3,1,2.608
"Summer 2019",ENGL,1304,6,"First Year Writing II",Salome,"Melanie Rebecca",5,6,5,1,1,2,2.722
"Summer 2019",ENGL,1304,1,"First Year Writing II",Rolater,"Sara C",6,3,3,3,1,2,2.625
"Summer 2019",ENGL,3301,1,"Intro To Literary Studies",Murray,"Christopher Brean",6,6,0,0,0,0,3.5
"Summer 2019",ENGL,1303,5,"First Year Writing I",Guinn,Christina,6,7,4,1,1,0,2.755
"Summer 2019",ENGL,3352,2,"19th Century American Fiction",Wood,"Barry Albert",8,2,3,0,0,1,3.258
"Summer 2019",ENGL,1304,4,"First Year Writing II",Salome,"Melanie Rebecca",8,5,1,1,4,1,2.545
"Summer 2019",ENGL,3324,1,"The Development of the Novel",Tan,"Amy Elizabeth",8,11,3,0,5,3,2.569
"Summer 2019",ENGL,3330,1,"Beg Creative Writing-Fiction",Mitchell,"Josephine Margaret",9,5,1,1,0,1,3.375
"Summer 2019",ENGL,1304,5,"First Year Writing II",Moore,"Kelly L",9,9,0,0,0,1,3.427
"Summer 2019",ENGL,2305,3,"Intro To Fiction",Rolater,"Sara C",10,1,1,2,1,2,3.001
"Summer 2019",ENGL,3345,1,"Nobel Prize Winners in Lit",Williams,Cynthia,10,6,3,0,3,3,2.819
"Summer 2019",ENGL,1303,3,"First Year Writing I",Presswood,"Phillip Hilliard",10,8,2,0,0,0,3.367
"Summer 2019",ENGL,3341,1,"Bus & Prof Writing",Butler,"Paul G",11,6,2,0,0,1,3.439
"Summer 2019",ENGL,3327,3,"Masterpieces of British Lit I",Long,"Steven A.",13,2,1,0,0,0,3.75
"Summer 2019",ENGL,1304,3,"First Year Writing II",Sicinski,"Michael J",13,3,0,0,4,0,3.034
"Summer 2019",ENGL,1303,4,"First Year Writing I",Urban,"Monica Bowerman",14,2,0,0,0,3,3.793
"Summer 2019",ENGL,1304,7,"First Year Writing II",Bass,"Kasey Dawn",14,5,2,0,2,2,3.247
"Summer 2019",ENGL,2306,2,"Intro To Poetry",Chatham,"Donna Marie",16,2,1,1,1,0,3.46
"Summer 2019",ENGL,1304,2,"First Year Writing II",Sicinski,"Michael J",17,1,0,0,1,0,3.65
"Summer 2019",ENGL,1303,8,"First Year Writing I",Downey,"Carlton M",17,1,0,0,1,1,3.65
"Summer 2019",ENTR,3310,2,Entrepreneurship,Bobbora,"William R",9,5,0,0,0,0,3.596
"Summer 2019",ENTR,3312,2,"Corporate Entrepreneurship",Karonika,"John R",30,11,2,1,0,2,3.516
"Summer 2019",ENTR,3312,1,"Corporate Entrepreneurship",Karonika,"John R",31,15,1,0,1,2,3.446
"Summer 2019",ENTR,3310,1,Entrepreneurship,Ortega,"Carlos Alberto",62,23,7,1,1,4,3.518
"Summer 2019",FINA,4323,1,"Investment & Mutual Fund Mgt",Johnson,"Nicholas A",5,12,9,0,0,1,2.795
"Summer 2019",FINA,4397,2,"Selected Topics in Finance",Kapatos,"Nick Gus",9,19,10,0,0,0,3.008
"Summer 2019",FINA,7397,1,"Selected Topics in Finance",Koc,Burhan,10,1,0,0,0,0,3.879
"Summer 2019",FINA,7397,4,"Selected Topics in Finance",George,"Thomas J",13,1,0,0,0,0,3.952
"Summer 2019",FINA,4320,1,"Investment Management",Lin,Kaitao,13,15,2,0,0,0,3.345
"Summer 2019",FINA,4397,1,"Selected Topics in Finance",Kapatos,"Nick Gus",14,18,1,0,0,0,3.304
"Summer 2019",FINA,7361,1,"Risk Management",Hogan,"Kenneth David",20,0,0,0,0,0,4
"Summer 2019",FINA,4330,1,"Corporate Finance",Kim,"Hyung Joo",25,14,1,1,0,0,3.496
"Summer 2019",FINA,7397,3,"Selected Topics in Finance",Broxson,"John Robert",40,0,0,0,0,0,3.992
"Summer 2019",FINA,3332,1,"Prin of Financial Management",Chisholm,Darla,44,44,41,17,4,18,2.663
"Summer 2019",FREN,2301,1,"Intermediate French",Giacchetti,"Claudine A",5,5,1,0,0,0,3.304
"Summer 2019",FREN,2302,2,"Intermediate French",Giacchetti,"Claudine A",5,5,1,0,0,0,3.334
"Summer 2019",GENB,7304,2,"Business Ethics for Accountant",Newman,"William Austin",8,5,0,0,0,0,3.565
"Summer 2019",GENB,7303,2,"Prof Accounting Communication",Newman,"Michael Ray",9,2,1,0,0,1,3.667
"Summer 2019",GENB,"   7A97",1,"Selected Topics",Wilbur,Stephen,10,2,0,0,0,0,3.861
"Summer 2019",GENB,7397,1,"Selected Topics",Kong,Dejun,10,2,0,0,0,0,3.806
"Summer 2019",GENB,7304,1,"Business Ethics for Accountant",Spartalis,"Emmanuel Michael",13,4,0,0,0,1,3.648
"Summer 2019",GENB,7303,1,"Prof Accounting Communication",Newman,"Michael Ray",13,7,1,0,0,1,3.587
"Summer 2019",GENB,3300,1,"Introductn to Personal Finance",Coleman,"Alfred G",22,18,3,1,0,2,3.364
"Summer 2019",GENB,3300,2,"Introductn to Personal Finance",Harvey,Danny,23,3,1,0,0,0,3.656
"Summer 2019",GENB,7390,1,"Books an MBA Should Read",Gelb,"Betsy L",23,5,0,0,0,0,3.751
"Summer 2019",GENB,7305,1,"Commercial Law",Hopkins,"Troy D",39,3,0,0,0,0,3.881
"Summer 2019",GENB,4350,5,"Business Law and Ethics",Williams,"John M",41,8,4,1,1,1,3.402
"Summer 2019",GENB,4350,2,"Business Law and Ethics",Williams,"John M",52,23,4,0,0,0,3.478
"Summer 2019",GENB,4350,1,"Business Law and Ethics",Currie,Daniel,129,13,2,1,2,2,3.801
"Summer 2019",GEOL,3360,3,"Field Geology II",Saylor,"Joel E",2,10,3,4,0,0,2.544
"Summer 2019",GEOL,3355,3,"Field Geology I",Lindline,Jennifer,2,13,4,0,0,0,2.982
"Summer 2019",GEOL,3355,1,"Field Geology I",Kalakay,"Thomas J",2,15,7,0,0,0,2.709
"Summer 2019",GEOL,3360,1,"Field Geology II",Murphy,Michael,3,20,0,1,0,0,3.055
"Summer 2019",GEOL,1330,4,"Physical Geology",Lytwyn,"Jennifer N",11,12,5,7,0,1,2.819
"Summer 2019",GEOL,1330,2,"Physical Geology",Lytwyn,"Jennifer N",25,16,12,13,9,9,2.379
"Summer 2019",GEOL,1340,2,"Earth Systems",Lytwyn,"Jennifer N",26,43,19,7,7,6,2.69
"Summer 2019",GEOL,1330,1,"Physical Geology",Lytwyn,"Jennifer N",28,27,19,11,7,5,2.559
"Summer 2019",GEOL,1340,1,"Earth Systems",Lytwyn,"Jennifer N",51,37,18,7,7,4,2.953
"Summer 2019",HDCS,4300,2,"Research Concepts in Hdcs",Stewart,"Barbara L",2,14,7,4,3,0,2.278
"Summer 2019",HDCS,3304,1,"Visual Merchandising",Stewart,"Barbara L",3,5,1,4,0,1,2.488
"Summer 2019",HDCS,4303,1,"Merchandising Systems",Gatterson,Beverly,4,5,4,2,0,3,2.623
"Summer 2019",HDCS,1300,2,"Human Ecosystems & Tech Change",Selzer,"Lori Michele",7,15,1,1,0,2,3.112
"Summer 2019",HDCS,4370,1,"Technology Entrepreneurship",Kellough,"James David",8,1,2,0,0,0,3.485
"Summer 2019",HDCS,3303,1,"Retailing and Consumer Science",Rifai,"Rana Ihsan",9,3,1,3,3,0,2.51
"Summer 2019",HDCS,4386,1,"Communication Strategies",Hitchman,"Cal M",12,4,2,1,2,4,3.032
"Summer 2019",HDCS,3369,1,Entrepreneurship,Hitchman,"Cal M",14,8,2,1,3,2,3.024
"Summer 2019",HDCS,3300,1,"Org Decisions",Hitchman,"Cal M",16,10,5,0,6,0,2.775
"Summer 2019",HDCS,4375,1,"Strategies in E-Tailing",Kellough,"James David",20,6,0,0,1,1,3.63
"Summer 2019",HDCS,3301,1,"Consumer Science",Stewart,"Quentin K",24,5,0,1,2,0,3.479
"Summer 2019",HDCS,1300,1,"Human Ecosystems & Tech Change",Rifai,"Rana Ihsan",38,5,4,2,3,1,3.334
"Summer 2019",HDFS,3320,1,"Careers in HDFS",Jordan,"Erica F",17,9,7,1,0,3,3.255
"Summer 2019",HDFS,3300,2,"Educational Psychology",Conston,Toya,21,16,7,1,2,1,3.086
"Summer 2019",HDFS,4393,2,"Internship in HDFS",Schoger,Kimberly,24,2,2,0,1,0,3.644
"Summer 2019",HDFS,4394,1,"Internship in HDFS",Schoger,Kimberly,27,0,0,0,1,0,3.857
"Summer 2019",HDFS,4316,1,"Dynamics of Family Relations",Rab,Saira,27,3,4,1,4,1,3.197
"Summer 2019",HDFS,3300,1,"Educational Psychology",Conston,Toya,29,11,5,1,4,0,3.213
"Summer 2019",HDFS,3350,1,"Observation and Assessment",Schroder,"Kathleen Anne",30,7,0,1,1,2,3.59
"Summer 2019",HDFS,3318,1,"Human Ecol of Adult Developmt",Rab,Saira,38,5,0,0,1,1,3.773
"Summer 2019",HDFS,1300,1,"Dev of Contemporary Families",Jordan,"Erica F",49,11,4,2,0,0,3.591
"Summer 2019",HDFS,2317,1,"Human Dev and Interventions",Schoger,Kimberly,54,9,6,0,0,1,3.681
"Summer 2019",HIST,4394,1,"Sel Top-United States History",Hopkins,"Kelly Y",6,5,0,2,0,1,3.128
"Summer 2019",HIST,4314,2,"Am Hist Through Film",Young,"Nancy Beck",9,9,3,1,1,0,3.015
"Summer 2019",HIST,3394,1,"Sel Tops-Us History",Deyle,"Steven H",10,10,1,0,1,1,3.213
"Summer 2019",HIST,3361,2,"Sports in American History",Hopkins,"Kelly Y",11,9,5,0,2,5,2.927
"Summer 2019",HIST,3383,1,"World Revolutions","O Brien","Thomas F",13,7,4,1,3,3,2.988
"Summer 2019",HIST,3375,1,"Cia in the 3Rd World",Butler,"Tracy A",14,6,1,1,3,3,3.014
"Summer 2019",HIST,1377,3,"The U S To 1877",Clavin,"Matthew J",14,47,43,7,12,8,2.382
"Summer 2019",HIST,3363,1,"Pirate & Smuggler in Mod World",Ryan,"John Frederick",15,7,4,0,2,3,3.179
"Summer 2019",HIST,3380,1,"World Civ Since 1500","O Brien","Thomas F",15,7,6,0,3,3,2.957
"Summer 2019",HIST,1378,7,"The U S Since 1877",Harwell,"Debbie Z",16,2,0,0,0,0,3.907
"Summer 2019",HIST,3322,2,"The Vietnam War",Buzzanco,Robert,28,2,0,0,1,1,3.806
"Summer 2019",HIST,3349,2,"War, Globalization, and Terror",Buzzanco,Robert,28,2,0,0,2,2,3.688
"Summer 2019",HIST,1378,3,"The U S Since 1877",Young,"Nancy Beck",44,63,27,8,5,15,2.882
"Summer 2019",HLT,4310,1,"Program Planning for Health",Nicholson,"Vanessa Janel",4,30,2,0,0,1,3.092
"Summer 2019",HLT,4307,1,"Measurement Techniques-Health",Nicholson,"Vanessa Janel",7,21,2,1,0,1,3.129
"Summer 2019",HLT,3381,1,"Hlt Promotn & Disease Preventn",Ripperger-Suhler,Ken,17,6,0,1,2,0,3.321
"Summer 2019",HLT,3301,2,"Health Behavior Theories",Correa-Fernandez,Virmarie,18,12,1,0,0,2,3.463
"Summer 2019",HLT,3303,1,"Health of Elem School Child",Drenner,"Kelli Linn",26,44,7,0,1,1,3.176
"Summer 2019",HLT,4392,1,"Field Work in Community Health","Solari Williams","Kayce D.",36,2,4,0,0,1,3.754
"Summer 2019",HLT,1353,3,"Personal Health",Proctor,"Robin Ann",38,31,7,1,0,3,3.377
"Summer 2019",HLT,3301,1,"Health Behavior Theories",Ripperger-Suhler,Ken,43,15,8,2,1,0,3.368
"Summer 2019",HLT,3325,3,"Medical Terminology",Burk,"Kelly Ann",48,22,4,1,0,1,3.52
"Summer 2019",HLT,3325,2,"Medical Terminology",Bloom,"Joel A",57,16,4,0,1,1,3.594
"Summer 2019",HLT,2320,2,"Introduction to Public Health",Proctor,"Robin Ann",60,12,0,0,1,4,3.736
"Summer 2019",HLT,3325,1,"Medical Terminology",Bloom,"Joel A",68,9,1,1,0,0,3.781
"Summer 2019",HLT,2320,1,"Introduction to Public Health","Solari Williams","Kayce D.",69,9,0,1,0,0,3.79
"Summer 2019",HLT,1353,2,"Personal Health",Rafique,"Kiran Sajid",70,3,2,0,2,3,3.792
"Summer 2019",HLT,1353,1,"Personal Health",Rafique,"Kiran Sajid",71,5,1,1,0,0,3.859
"Summer 2019",HON,3301,2,"Readings in Medicine & Society",Reynolds,"Aaron E",16,0,0,0,0,0,3.938
"Summer 2019",HRD,6397,30,"Selected Topics in Hrd",Hutchins,"Holly M.",8,4,0,0,0,0,3.557
"Summer 2019",HRD,3346,30,"Needs Assessment in HRD",Greer,Tomika,9,0,2,0,0,0,3.576
"Summer 2019",HRD,6354,30,"Facilitating Adult Group Proc.",Greer,Tomika,10,1,0,0,0,0,3.759
"Summer 2019",HRD,6358,30,"Global Human Resource Devel",Waight,"Consuelo L",12,0,0,0,0,0,4
"Summer 2019",HRD,6359,30,"Trends in Organizational Learn",Waight,"Consuelo L",12,0,0,0,0,0,4
"Summer 2019",HRD,4303,30,"Measuring Performance Outcomes",Chakraborty,Misha,16,4,0,0,0,0,3.8
"Summer 2019",HRD,3351,1,"Instructional Design for HRD","Pereira-De Leon","Maura Josefina",19,4,0,0,0,1,3.697
"Summer 2019",HRD,4352,1,"Facilitation Strategies","Del Grande",Lisa,20,6,1,0,1,0,3.501
"Summer 2019",HRD,4344,1,"Designing E-Learning",Cutler,"Jessica Paige",23,4,2,1,0,0,3.644
"Summer 2019",HRD,4396,1,"Internship in HRD",Owens-Shepard,Toya,28,1,0,0,1,0,3.833
"Summer 2019",HRD,3350,1,"Global Human Resource Devel",Gillette,Estella,35,2,1,0,0,0,3.86
"Summer 2019",HRD,3310,1,"Intro Career Devel & Planning",Doss,Tommy,38,9,2,0,4,2,3.453
"Summer 2019",HRD,3340,1,"Intro to Training & Developmen",Chakraborty,Misha,57,3,1,0,0,0,3.896
"Summer 2019",HRMA,3341,1,"Hospitality Managerial Acct",Ramirez,"Arlene D",2,12,5,2,0,1,2.745
"Summer 2019",HRMA,3358,1,"Hospitality Industry Law",Abbott,"Jeanna L",3,13,4,1,1,1,2.682
"Summer 2019",HRMA,4344,1,"California Wine Experience",Simon,"Kevin S",7,5,0,1,0,0,3.461
"Summer 2019",HRMA,3154,1,"Rest. Mrktg Chicago Style",Jarvis,"Nathan Alexander",9,1,0,0,0,0,3.867
"Summer 2019",HRMA,6360,1,"Graduate Directed Practicum",Back,KiJoon,11,0,0,0,0,0,4
"Summer 2019",HRMA,4343,1,"Financial Admin for Hosp.Ind.",Koh,Yoon,13,12,5,0,0,0,3.212
"Summer 2019",HRMA,3336,1,"Beverage Management",Taylor,"David C",14,21,1,3,0,0,3.154
"Summer 2019",HRMA,7337,1,"Human Resources in Hospitality",Madera,"Juan Manuel",15,0,0,0,0,0,3.956
"Summer 2019",HRMA,7361,1,"Hospitality Marketing Analysis",Taylor,"David C",15,0,1,0,1,0,3.608
"Summer 2019",HRMA,3358,2,"Hospitality Industry Law",Abbott,"Jeanna L",17,3,2,0,1,0,3.436
"Summer 2019",HRMA,4354,1,"Adv Hospitality Operation Mgmt",Doudna,"Simone P",18,14,4,2,2,0,3.092
"Summer 2019",HRMA,2160,1,"Hospitality Practicum I",Guchait,Priyanko,24,1,0,0,1,4,3.757
"Summer 2019",HRMA,3361,1,"Hospitality Marketing",Johnson,"Tucker A",24,11,0,2,4,1,3.171
"Summer 2019",HRMA,3160,1,"Hospitality Practicum II",Guchait,Priyanko,25,2,1,0,1,1,3.679
"Summer 2019",HRMA,2350,1,"Managing in Service Environmen","Charmchian Langroudi",Maryam,27,3,0,0,0,0,3.856
"Summer 2019",HRMA,3364,1,"Hotel Sales",Goodell,"Erin Oeser",30,8,3,1,1,1,3.466
"Summer 2019",HRMA,2368,1,"Room and Housekeeping Mgt",Cheatham,"Cathy A",32,6,4,2,0,0,3.575
"Summer 2019",HRMA,3352,1,"Human Resource Management",Madera,"Juan Manuel",34,3,2,0,2,0,3.602
"Summer 2019",HRMA,3343,1,"Hospitality Cost Controls",Morosan,Cristian,34,7,1,1,0,0,3.698
"Summer 2019",HRMA,2220,1,"Food Service Productn & Ops II",Haskell,"Rebecca Erin",43,2,1,0,0,1,3.899
"Summer 2019",IEEM,6330,1,"Managing Engineering Functions",Kamrani,"Ali K",12,1,0,0,0,0,3.771
"Summer 2019",INDE,4315,1,"Supply Chain Design Management",Kamrani,"Ali K",3,12,1,0,0,0,3.208
"Summer 2019",INDE,3333,1,"Engineering Economy I",Chang,"Feng-Chang Roger",4,7,3,0,0,0,3.095
"Summer 2019",INDE,6336,1,"Reliability Engineering",Keedy,Elias,5,8,0,0,0,0,3.334
"Summer 2019",INDE,2333,1,"Egr Statistics I",Chang,"Feng-Chang Roger",6,11,1,0,0,1,3.204
"Summer 2019",INDE,6332,1,"Egr Project Mgt",Rypien,"David V",14,4,0,0,0,0,3.741
"Summer 2019",INDE,7390,1,"Supply Chain Management",Keedy,Elias,19,24,2,0,0,0,3.312
"Summer 2019",INTB,3354,1,"Introductn to Global Business",Miljanic,"Andra Olivia",153,25,6,1,0,2,3.766
"Summer 2019",INTB,3355,1,"Global Environment of Business",Miljanic,"Andra Olivia",157,21,2,1,1,1,3.813
"Summer 2019",ITEC,1301,2,"Intro To Computer Appl Tech",Golovko,Anastasia,23,3,1,0,1,1,3.655
"Summer 2019",ITEC,1301,1,"Intro To Computer Appl Tech",Golovko,Anastasia,26,6,1,0,3,0,3.399
"Summer 2019",KIN,4370,1,"Exercise Testing",Breslin,"Whitney L",1,11,9,3,2,1,2.231
"Summer 2019",KIN,4370,2,"Exercise Testing",Breslin,"Whitney L",4,10,11,0,0,1,2.707
"Summer 2019",KIN,4190,1,"Sport Administration Seminar",Walsh,"David W",7,3,1,0,0,0,3.545
"Summer 2019",KIN,3304,2,"Human Structure & Phys Perform",Breslin,"Whitney L",7,31,19,7,1,2,2.539
"Summer 2019",KIN,4310,1,"Measurement Tech Human Perf",Thrasher,"Timothy Adam",8,17,19,1,2,2,2.638
"Summer 2019",KIN,4350,1,"Sport Marketing",Walsh,"David W",8,37,23,3,1,4,2.616
"Summer 2019",KIN,4340,1,"Sport Governance",Walsh,"David W",9,10,0,0,0,0,3.439
"Summer 2019",KIN,4691,1,"Internship in Sport Admin 2",Walsh,"David W",11,2,0,0,0,0,3.872
"Summer 2019",KIN,3360,1,"Professional Prep for Sp Admin",Pearson,"Demetrius W",11,9,3,0,1,1,3.181
"Summer 2019",KIN,4315,1,"Motor Learning and Control",Layne,"Charles S",11,38,15,1,0,2,2.832
"Summer 2019",KIN,4690,1,"Internship in Sport Admin 1",Walsh,"David W",15,3,0,0,0,0,3.852
"Summer 2019",KIN,4345,1,"Econ and Finc Aspects of Sport",Lee,"Dong Hun",18,17,4,1,1,0,3.22
"Summer 2019",KIN,3306,2,"Physiology-Human Performance",Park,Yoonjung,18,17,25,17,4,1,2.346
"Summer 2019",KIN,4300,2,"Phys Activity in Older Adults",Alastuey,"Lisa L",20,4,1,0,0,0,3.707
"Summer 2019",KIN,3305,3,"Sport Sociology",Yu,Hoyeol,43,16,3,3,0,0,3.508
"Summer 2019",KIN,3305,2,"Sport Sociology",Yu,Hoyeol,46,15,4,2,1,1,3.466
"Summer 2019",KIN,3350,1,"Psych Aspects Sport Exercise",Gray,"Jon Phillip",53,13,4,2,0,1,3.547
"Summer 2019",KIN,4300,1,"Phys Activity in Older Adults",Alastuey,"Lisa L",67,20,4,0,0,2,3.652
"Summer 2019",KIN,1352,6,"Foundations of KIN, HLT, FIT",Gray,"Jon Phillip",96,3,0,0,0,1,3.95
"Summer 2019",KIN,1352,3,"Foundations of KIN, HLT, FIT",Gray,"Jon Phillip",125,9,3,1,2,4,3.793
"Summer 2019",KIN,1304,3,"Public Hlt Issues in Phys/Obes",Breslin,"Whitney L",173,26,8,0,0,0,3.781
"Summer 2019",KIN,1304,1,"Public Hlt Issues in Phys/Obes",Graham,"Marilynn Hadassah",205,21,12,3,3,1,3.747
"Summer 2019",LAW,5385,1,"Introduction to the Laws of EU",Willis,"Tasha L",2,10,0,0,0,0,3.249
"Summer 2019",LAW,5297,5,"Selected Topics",Davis,"Megan Leigh-Wilson",2,11,1,0,0,0,3.119
"Summer 2019",LAW,5297,5,"Selected Topics",Brush,"Jonathan Griffin",2,11,1,0,0,0,3.119
"Summer 2019",LAW,5200,1,Depositions,Ray,"Katherine M",3,9,0,0,0,0,3.195
"Summer 2019",LAW,5200,1,Depositions,Ray,"James Leonard",3,9,0,0,0,0,3.195
"Summer 2019",LAW,5200,1,Depositions,Daw,Willie,3,9,0,0,0,0,3.195
"Summer 2019",LAW,5200,1,Depositions,Lorick,Mia,3,9,0,0,0,0,3.195
"Summer 2019",LAW,6216,1,"The Wire",Braley,"Timothy Shawn",3,10,0,0,0,0,3.231
"Summer 2019",LAW,5297,4,"Selected Topics",Jones,"Karen Lynn",4,7,1,0,0,0,3.223
"Summer 2019",LAW,5297,4,"Selected Topics",Lawrence,"Jim E",4,7,1,0,0,0,3.223
"Summer 2019",LAW,7397,1,"Selected Topics",Morath,Sarah,5,6,0,0,0,0,3.395
"Summer 2019",LAW,5303,1,"Criminal Law",Crump,"David L",5,20,2,0,0,0,3.123
"Summer 2019",LAW,7397,2,"Selected Topics",Swift,"Kenneth Richard",6,6,1,0,0,0,3.308
"Summer 2019",LAW,6217,1,"Negotia & Creative Prblm Slvng",Block,"Nathan Matthew",6,12,1,0,0,0,3.246
"Summer 2019",LAW,6217,1,"Negotia & Creative Prblm Slvng",Kelly,"Tara Kay",6,12,1,0,0,0,3.246
"Summer 2019",LAW,5378,1,"Statutory Interpretation & Rea",Bush,Darren,6,22,2,0,0,0,3.1
"Summer 2019",LAW,5357,2,Evidence,Houlette,"Jaqueline M",7,8,3,0,0,1,3.186
"Summer 2019",LAW,5197,1,"Selected Topics",Watson,Amanda,8,5,2,1,0,1,3.209
"Summer 2019",LAW,5197,1,"Selected Topics",Dykes,Christopher,8,5,2,1,0,1,3.209
"Summer 2019",LAW,5197,1,"Selected Topics",Lawson,"Emily Woolard",8,5,2,1,0,1,3.209
"Summer 2019",LAW,5197,1,"Selected Topics",Badeaux,"Katherine Stein",8,5,2,1,0,1,3.209
"Summer 2019",LAW,6321,2,"Professional Responsibility",Stevenson,"Drury D",21,16,12,0,0,1,3.096
"Summer 2019",MANA,"   6A83",1,"Strategic Analysis",Celly,Nikhil,10,2,0,0,0,0,3.778
"Summer 2019",MANA,"   6A25",2,"Ethical Leadrshp & Crit Reason",Carlin,"Barbara A",12,7,0,0,0,0,3.649
"Summer 2019",MANA,7392,1,"Managerial Issues",Sebastijanovic,Marina,13,7,1,0,0,0,3.381
"Summer 2019",MANA,7346,1,"Global Human Resource Mgmt",Werner,Steve,17,1,0,0,0,0,3.926
"Summer 2019",MANA,7343,1,"Intl Legal Environment of Mgmt",Abbott,"Jeanna L",17,2,0,0,0,0,3.877
"Summer 2019",MANA,7351,1,"Mgt of  Global Organizations",Keller,"Robert T",18,3,0,0,0,0,3.81
"Summer 2019",MANA,"   6A25",1,"Ethical Leadrshp & Crit Reason",Carlin,"Barbara A",18,5,0,0,0,0,3.725
"Summer 2019",MANA,4330,1,"Intro To Human Resource Mgmt",Sebastijanovic,Marina,18,19,11,1,0,1,3.109
"Summer 2019",MANA,"   6A25",3,"Ethical Leadrshp & Crit Reason",Carlin,"Barbara A",19,11,0,0,0,1,3.6
"Summer 2019",MANA,7397,1,"Selected Topics in Management",Abbott,"Jeanna L",21,8,0,0,0,0,3.644
"Summer 2019",MANA,"   6A32",1,"Organizational Behavior & Mgt",Rude,Dale,22,4,3,0,0,0,3.632
"Summer 2019",MANA,4336,1,"Legal Environment of Mgt",Krylova,"Ksenia O",22,20,6,1,0,1,3.306
"Summer 2019",MANA,7356,1,"Diversity Management",Walker,"William A",26,1,3,0,0,1,3.745
"Summer 2019",MANA,3335,4,"Intro Org Behavior and Mgmt",Bozeman,Dennis,26,23,0,0,0,0,3.571
"Summer 2019",MANA,3335,3,"Intro Org Behavior and Mgmt",Parks,"Cyrus Brohier",28,16,3,2,0,1,3.395
"Summer 2019",MANA,4355,1,"Selection and Staffing",Bozeman,Dennis,31,14,3,0,0,0,3.611
"Summer 2019",MANA,7397,2,"Selected Topics in Management",Vera,"Dusya M",33,1,0,0,0,0,3.961
"Summer 2019",MANA,7375,1,"Global Leadership",Vera,"Dusya M",35,0,0,0,0,1,3.848
"Summer 2019",MANA,3335,6,"Intro Org Behavior and Mgmt",Salaiz,Ashley,37,10,2,0,1,0,3.587
"Summer 2019",MANA,3335,5,"Intro Org Behavior and Mgmt",Salaiz,Ashley,39,5,2,0,0,1,3.711
"Summer 2019",MANA,4350,1,"International Management",Celly,Nikhil,44,6,0,0,0,0,3.834
"Summer 2019",MANA,3335,2,"Intro Org Behavior and Mgmt",Krylova,"Ksenia O",45,1,2,0,0,1,3.841
"Summer 2019",MARK,7373,1,"Business to Business Marketing",Herman,Carl,10,3,0,0,0,0,3.744
"Summer 2019",MARK,3339,1,"Marketing Strategy & Planning",Wiseman,"Phillip S.",19,3,0,0,0,1,3.834
"Summer 2019",MARK,4365,1,"Intro to Digital Marketing",Kianian,Parichehr,20,2,0,0,0,0,3.819
"Summer 2019",MARK,4367,1,"Advertising and Promotion Mgt",Noriega,"Jaime L",21,13,2,1,1,2,3.256
"Summer 2019",MARK,4362,1,"Applied Buyer Behavior",Noriega,"Jaime L",26,14,6,0,2,1,3.237
"Summer 2019",MARK,7376,1,"Brand Management",Koch,"Steven F.",29,0,0,0,0,0,3.977
"Summer 2019",MARK,3337,1,"Professional Selling",Tueffert,"Curt F",38,9,0,0,0,2,3.794
"Summer 2019",MARK,3336,1,"Introduction to Marketing",Zahn,"William J",42,45,7,0,0,0,3.446
"Summer 2019",MAS,3340,1,"Mexican Amer Urban Communities",Pino,Diana,8,12,6,0,0,1,3.052
"Summer 2019",MATH,4378,1,"Advanced Linear Algebra II",Torok,"Andrei S",2,4,8,3,0,3,2.061
"Summer 2019",MATH,4389,3,"Survey of Undergraduate Math",Blecher,"David P",3,2,7,1,0,0,2.564
"Summer 2019",MATH,1310,2,"College Algebra",Tucker,"Charles T",3,4,3,0,4,2,2.096
"Summer 2019",MATH,1310,1,"College Algebra",Constante,Beatrice,4,4,5,2,14,10,1.368
"Summer 2019",MATH,1310,5,"College Algebra",Xhabli,Blerina,6,4,3,1,2,6,2.729
"Summer 2019",MATH,3339,3,"Statistics for the Sciences",Papadakis,"Emanuel Ioannis",6,4,6,1,4,0,2.255
"Summer 2019",MATH,3363,2,"Introduction To Pde",Perepelitsa,"Mikhail Antolyevic",6,7,8,4,0,8,2.574
"Summer 2019",MATH,3325,1,"Transition to Advanced Math",Leger,"Nicholas M",6,8,4,1,3,0,2.546
"Summer 2019",MATH,3333,1,"Intermediate Analysis",Ji,Shanyu,6,9,4,4,2,3,2.428
"Summer 2019",MATH,3336,1,"Discrete Mathematics",Perepelitsa,Irina,6,16,8,9,1,0,2.359
"Summer 2019",MATH,5382,1,Probability,West,"James David",7,5,0,0,1,1,3.257
"Summer 2019",MATH,1312,2,"Intro to Math Reasoning",Tucker,"Charles T",7,6,7,3,2,2,2.441
"Summer 2019",MATH,2433,1,"Calculus III",Pan,Tsorng-Whay,8,7,0,1,1,1,3.118
"Summer 2019",MATH,1431,1,"Calculus I",May,"Jennifer Ruhnow",9,24,17,14,23,25,1.763
"Summer 2019",MATH,3321,1,"Engineering Mathematics",Etgen,"Garret J",10,6,3,2,0,4,3.19
"Summer 2019",MATH,5336,1,"Discrete Mathematics",Kaiser,"Klaus H",11,1,0,0,0,0,3.862
"Summer 2019",MATH,2131,1,"Linear Alg Labs w/MATLAB",Duvall,"Jason R.",11,3,0,0,0,0,3.762
"Summer 2019",MATH,5341,1,"Mathematical Modeling",Morgan,Jeffrey,11,4,0,0,0,0,3.711
"Summer 2019",MATH,1330,4,Precalculus,Perepelitsa,Irina,11,7,4,3,4,0,2.643
"Summer 2019",MATH,2331,3,"Linear Algebra",Perepelitsa,"Mikhail Antolyevic",11,7,11,5,1,9,2.553
"Summer 2019",MATH,1330,5,Precalculus,May,"Jennifer Ruhnow",12,9,4,4,5,6,2.549
"Summer 2019",MATH,1431,7,"Calculus I",George,"Rebecca Ann",12,10,0,0,0,0,3.575
"Summer 2019",MATH,3321,2,"Engineering Mathematics",Weber,"Thomas Christian",12,11,12,7,5,6,2.383
"Summer 2019",MATH,1431,3,"Calculus I",Sosa,Moses,12,12,14,8,4,17,2.321
"Summer 2019",MATH,5389,1,"Survey of Mathematics",Etgen,"Garret J",13,4,0,0,0,0,3.745
"Summer 2019",MATH,2331,2,"Linear Algebra",He,Jiwen,13,6,4,0,0,1,3.334
"Summer 2019",MATH,1330,2,Precalculus,May,"Jennifer Ruhnow",14,3,4,3,1,1,3.04
"Summer 2019",MATH,1313,6,"Finite Math with Applications",Caglar,Atife,14,13,12,6,6,5,2.47
"Summer 2019",MATH,1313,5,"Finite Math with Applications",Chang,"James A",15,15,3,3,4,9,2.801
"Summer 2019",MATH,2311,1,"Intro To Prob & Statistics",Poliak,"Cathy Dawn",15,20,13,6,15,7,2.155
"Summer 2019",MATH,1314,3,"Calc for Bus/Life Sciences",Caputo,"Matthew G",16,13,3,0,0,2,3.417
"Summer 2019",MATH,6397,1,"Selected Topics in Math",Shastri,"Dvijesh J",17,7,1,0,0,0,3.548
"Summer 2019",MATH,1432,1,"Calculus II",West,"James David",17,20,20,12,17,10,2.089
"Summer 2019",MATH,6315,1,"Masters Tutorial",Fu,Wenjiang,20,1,0,0,0,0,3.905
"Summer 2019",MATH,4377,1,"Advanced Linear Algebra I",Haynes,"Alan K",21,8,8,0,0,0,3.423
"Summer 2019",MATH,2433,5,"Calculus III",Weber,"Thomas Christian",22,10,9,3,10,4,2.574
"Summer 2019",MATH,1313,1,"Finite Math with Applications",Almus,Melahat,23,15,9,7,16,7,2.319
"Summer 2019",MATH,1314,1,"Calc for Bus/Life Sciences",Constante,Beatrice,24,16,4,3,3,13,3.067
"Summer 2019",MATH,1330,1,Precalculus,Almus,Melahat,25,9,3,2,1,8,3.342
"Summer 2019",MATH,2311,5,"Intro To Prob & Statistics",Weber,"Thomas Christian",25,11,7,2,0,6,3.362
"Summer 2019",MATH,1313,2,"Finite Math with Applications",Sosa,Moses,25,15,5,3,1,2,3.171
"Summer 2019",MATH,2311,3,"Intro To Prob & Statistics",Caputo,"Matthew G",26,14,5,4,6,1,2.891
"Summer 2019",MATH,1432,3,"Calculus II",Caglar,Atife,30,14,6,6,3,8,3.051
"Summer 2019",MATH,3339,1,"Statistics for the Sciences",Poliak,"Cathy Dawn",52,20,3,1,6,3,3.35
"Summer 2019",MECE,3336,1,"Mechanics II",Kulkarni,Yashashree,9,16,4,0,0,0,3.207
"Summer 2019",MECE,2334,1,Thermodynamics,Love,"Holley Carole",10,15,11,3,0,2,2.812
"Summer 2019",MECE,3381,1,"Finite Elements for Mech Engr",Chen,Xuemei,12,12,9,4,1,2,2.842
"Summer 2019",MECE,3360,1,"Experimental Methods",Chen,Xuemei,16,21,3,1,0,0,3.252
"Summer 2019",MECE,5388,1,"Intelligent Structural Systems",Song,Gangbing,16,34,14,0,1,3,2.974
"Summer 2019",MECE,3400,1,"Intro To Mechanics",Zelisko,"Matthew R",17,14,7,0,1,0,3.179
"Summer 2019",MECE,3245,1,"Materials Science Laboratory",Hammami,Farah,26,17,5,0,0,1,3.451
"Summer 2019",MECT,4372,1,"Materials Technology","Robles Hernandez","Francisco C",1,5,3,4,1,0,2.189
"Summer 2019",MECT,3318,1,"Fluid Mechanics Applications",Al-Jamal,Helmi,4,9,17,7,2,0,2.154
"Summer 2019",MECT,4172,1,"Materials Tech Lab","Robles Hernandez","Francisco C",5,7,2,1,1,0,2.751
"Summer 2019",MECT,3342,1,"Elements of Plant Design",Gharbi,Mohamed,6,6,6,1,0,0,2.929
"Summer 2019",MIS,3360,1,"Systems Analysis and Design",Porra,Jaana,5,15,4,0,0,1,2.945
"Summer 2019",MIS,3370,1,"Info Systems Development Tools",Knighton,"William B",6,7,7,4,0,1,2.625
"Summer 2019",MIS,4378,1,"Admin of Computer-Based MIS",Porra,Jaana,7,5,0,0,0,0,3.528
"Summer 2019",MIS,4374,1,"Info Technology Project Mgmt",Campbell,"Phillip James",9,5,0,0,0,0,3.666
"Summer 2019",MIS,6341,3,"Information Systems",Silva,"Leiser O",12,0,0,0,0,0,3.89
"Summer 2019",MIS,4477,1,"Network & Security Infrastruct",Messinger,"Jacob Nelson",13,3,0,0,0,0,3.771
"Summer 2019",MIS,3371,2,"Transaction Processing Sys I",Parks,"Michael Sydney",14,14,26,6,1,5,2.557
"Summer 2019",MIS,"   6A41",3,"Information Systems",Silva,"Leiser O",27,4,0,0,0,0,3.743
"Summer 2019",MIS,"   6A41",1,"Information Systems",Silva,"Leiser O",48,1,0,0,0,0,3.852
"Summer 2019",MIS,3300,1,"Intro to Computers and MIS",Felvegi,Emese,58,24,14,4,0,0,3.363
"Summer 2019",MUSI,2342,3,"Music for Children",Chapa,"Julissa Y",1,8,3,3,0,0,2.467
"Summer 2019",MUSI,1171,1,"Aural Skills II",Brake,"Austin S",5,5,0,0,0,0,3.368
"Summer 2019",MUSI,1311,1,"Theory II",Brake,"Austin S",6,5,0,0,0,0,3.365
"Summer 2019",MUSI,2342,4,"Music for Children",Chapa,"Julissa Y",13,1,2,1,0,2,3.471
"Summer 2019",MUSI,2342,1,"Music for Children",Bigwood,"Cora Morgan",15,0,0,0,0,0,3.978
"Summer 2019",MUSI,2302,1,"Listening to Jazz",Marmolejo,"Noe J",22,7,0,0,0,1,3.77
"Summer 2019",MUSI,2302,2,"Listening to Jazz",Marmolejo,"Noe J",23,5,3,1,1,1,3.475
"Summer 2019",NURS,3636,1,"Nur Process for Colabrtive Prc",Quintana,Danielle,8,57,2,0,0,3,3.119
"Summer 2019",NURS,6332,1,Biostatistics,Brohard,"Cheryl L",12,11,0,0,0,0,3.522
"Summer 2019",NURS,4218,1,"Emergency Nursing",McManaman-Bridges,"Tracy L",22,0,0,0,0,0,4
"Summer 2019",NURS,4216,1,"Perioperative Nursing",Quintana,Danielle,25,0,0,0,0,0,4
"Summer 2019",NURS,3337,1,"Rdg/Interpreting Sci Lit",Brohard,"Cheryl L",39,30,1,0,0,1,3.557
"Summer 2019",NURS,3634,1,"Clinical Nursing Practice II",Quintana,Danielle,57,10,0,0,0,3,3.851
"Summer 2019",NURS,4312,1,"Ldership and Mgmt in Prof Nur",McManaman-Bridges,"Tracy L",58,12,0,0,0,1,3.829
"Summer 2019",NUTR,2133,1,"Comm Food Prod I Lab",Svendsen-Sanchez,"Ann Carol",11,4,2,0,0,0,3.491
"Summer 2019",NUTR,4347,1,"Med Nutritn Therapy-Metabolic",Ferrell,"Carla Denise",12,5,6,0,1,2,3.043
"Summer 2019",NUTR,4312,1,"Nutrition Assessmnt & Planning",Ferrell,"Carla Denise",13,10,12,3,2,1,2.733
"Summer 2019",NUTR,4333,1,"Med Nutr Therapy-Cardiovascula",Scott,"Claudia W",14,11,0,0,0,0,3.494
"Summer 2019",NUTR,2333,1,"Comm Food Prod I",Svendsen-Sanchez,"Ann Carol",15,1,1,0,0,0,3.804
"Summer 2019",NUTR,3336,1,"Nutritional Pathophysiology",Haubrick,Kevin,16,25,11,2,0,3,2.89
"Summer 2019",NUTR,3101,1,"Dietetics As a Profession",Scott,"Claudia W",21,0,0,0,1,0,3.743
"Summer 2019",NUTR,4346,1,"Research in Nutrition",Haubrick,Kevin,25,13,5,1,4,8,3.084
"Summer 2019",NUTR,3334,1,"Advanced Nutrition",Svendsen-Sanchez,"Ann Carol",32,19,4,0,2,1,3.305
"Summer 2019",NUTR,2332,1,"Intro To Human Nutrition",Alastuey,"Lisa L",37,20,4,0,0,1,3.541
"Summer 2019",NUTR,4352,1,"Child and Adolescent Nutrition",Alastuey,"Lisa L",39,47,2,0,1,7,3.352
"Summer 2019",NUTR,4353,1,"Cultural Comp for Nutr Prof",Haubrick,Kevin,60,9,2,3,4,2,3.483
"Summer 2019",NUTR,4334,1,"Community Nutrition",Svendsen-Sanchez,"Ann Carol",139,22,10,1,5,1,3.592
"Summer 2019",OPTO,6251,1,"Spanish for Optometrists",Wiley,"Maria-Cristina Cruz",13,0,0,0,0,0,4
"Summer 2019",OPTO,6250,1,"Decision Making:Optometrc Prac",Dempsey,"Robert L.",15,1,0,0,0,0,3.938
"Summer 2019",OPTO,6250,1,"Decision Making:Optometrc Prac",Quintero,Sam,15,1,0,0,0,0,3.938
"Summer 2019",OPTO,5298,7,"Spec Prob Phys Optics",Martinez,"Muriel M",16,0,0,0,0,0,4
"Summer 2019",OPTO,6230,1,"Contact Lens Pathology",Bergmanson,"Jan Pg",16,0,0,0,0,0,4
"Summer 2019",OPTO,8338,1,"Recent Developments/Round",Holdeman,"Nicky Ray",17,11,0,0,0,0,3.501
"Summer 2019",OPTO,8384,1,"Practice Management II",Davis,"Mark K",20,14,0,0,0,0,3.511
"Summer 2019",OPTO,6253,1,"Practical Pharmacology",Onofrey,"Bruce E",22,0,0,0,0,0,4
"Summer 2019",OPTO,5398,1,"Spec Prob Phys Optics",Dempsey,"Robert L.",28,0,0,0,0,0,4
"Summer 2019",OPTO,5398,1,"Spec Prob Phys Optics",Perrigin,"Judith A",28,0,0,0,0,0,4
"Summer 2019",OPTO,7150,1,"Developmental Optometry",Currie,"Debra C",84,15,0,0,0,0,3.848
"Summer 2019",PEP,6309,1,"Policies & Govt of Sport Org.",Hawkins,"Billy J",4,8,0,0,0,0,3.471
"Summer 2019",PEP,7309,1,"Sport Finance",Lee,"Dong Hun",10,2,0,0,0,0,3.723
"Summer 2019",PETR,6330,1,"Fund. of Hydraulic Fracturing",Abass,"Hazim Hussein",7,5,0,0,0,0,3.528
"Summer 2019",PETR,6362,2,"Reservoir Engineering I",Lee,"Kyung Jae",11,0,0,0,0,0,3.94
"Summer 2019",PHAR,5214,1,"Oncology Pharmacotherapy",Mach,Claire,11,0,0,0,0,0,4
"Summer 2019",PHAR,5681,1,"Infectious Diseases",Nguyen,"Kimberly A",13,1,0,0,0,0,3.929
"Summer 2019",PHAR,5675,1,"Disease State Management",Tolleson,"Shane Russell",14,0,0,0,0,0,4
"Summer 2019",PHAR,5208,1,"Infect Disease Pharmacotherapy",Tam,"Vincent H",14,14,0,0,0,0,3.5
"Summer 2019",PHAR,5208,1,"Infect Disease Pharmacotherapy",Garey,"Kevin W",14,14,0,0,0,0,3.5
"Summer 2019",PHAR,5690,1,"Internal Medicine",Nguyen,"Kimberly A",16,11,0,0,0,0,3.593
"Summer 2019",PHAR,5218,1,"Critical Care Therapeutics",Wanat,"Matthew A",21,9,1,0,0,0,3.645
"Summer 2019",PHAR,5693,1,"Advanced Community Pharmacy",Nguyen,"Kimberly A",33,2,1,0,0,0,3.889
"Summer 2019",PHAR,5693,1,"Advanced Community Pharmacy",Tolleson,"Shane Russell",33,2,1,0,0,0,3.889
"Summer 2019",PHAR,5223,1,"Patient Safety",Hatfield,"Catherine L",42,3,0,0,0,0,3.933
"Summer 2019",PHAR,5692,1,"Advanced Hospital Pharmacy",Nguyen,"Kimberly A",45,3,0,0,0,0,3.938
"Summer 2019",PHAR,5493,1,"Introduction to Community IPPE",Hatfield,"Catherine L",86,31,1,0,0,0,3.72
"Summer 2019",PHAR,4280,1,"Med/Pt Safety & Informatics",Varkey,"Divya A",109,10,0,0,0,0,3.916
"Summer 2019",PHIL,1321,1,"Logic I",Haaga,"Curtis W",8,1,5,2,1,1,2.745
"Summer 2019",PHIL,1321,2,"Logic I",Haaga,"Curtis W",8,2,5,1,3,2,2.544
"Summer 2019",PHIL,1361,1,"Philosophy and the Arts",Drapela,"Nick Gerard",8,12,6,2,1,0,2.839
"Summer 2019",PHIL,1361,2,"Philosophy and the Arts",Drapela,"Nick Gerard",9,17,7,0,0,2,3.051
"Summer 2019",PHIL,1305,1,"Intro To Ethics",Babb,"Matthew W",26,14,4,3,0,1,3.305
"Summer 2019",PHLS,6393,4,Practicum,Dworaczyk,"Danielle Marks",10,0,0,0,1,1,3.636
"Summer 2019",PHLS,6393,2,Practicum,Stulmaker,"Hayley Lurie",11,0,0,0,0,0,4
"Summer 2019",PHLS,6315,2,"Career Counseling",Whitaker,"Rachael Gwin",15,4,2,0,0,2,3.65
"Summer 2019",PHLS,6310,1,"Intro To Educ Research",Lee,Jungeun,17,6,2,0,0,1,3.613
"Summer 2019",PHLS,6343,1,"Ethical Legal Issues in Counsl",Lukingbeal,"Patrick Livingston",23,0,0,0,0,0,3.914
"Summer 2019",PHLS,6343,2,"Ethical Legal Issues in Counsl",Powell,"Angela M",23,1,0,0,0,1,3.862
"Summer 2019",PHLS,6315,1,"Career Counseling",Whitaker,"Rachael Gwin",23,4,2,0,0,1,3.69
"Summer 2019",PHLS,8364,1,"Prof Prac Psy: Eth,Law,& Iss",Llorens,"Ashlie Victoria",31,1,0,0,0,0,3.969
"Summer 2019",PHLS,8351,1,"Hist & Philosophy of Psyc Syst",Day,"Susan X",34,0,0,0,0,0,4
"Summer 2019",PHOP,6372,1,"Experimental Quant in VS",Benoit,"Julia S",10,4,0,0,0,0,3.714
"Summer 2019",PHYS,1101,4,"General Physics Laboratory I",Wood,"Lowell T",1,13,6,0,0,1,2.767
"Summer 2019",PHYS,1101,4,"General Physics Laboratory I",Maric,Sladjana,1,13,6,0,0,1,2.767
"Summer 2019",PHYS,1101,6,"General Physics Laboratory I",Maric,Sladjana,1,15,6,0,0,0,2.698
"Summer 2019",PHYS,1101,6,"General Physics Laboratory I",Wood,"Lowell T",1,15,6,0,0,0,2.698
"Summer 2019",PHYS,1101,1,"General Physics Laboratory I",Wood,"Lowell T",1,16,4,2,0,0,2.724
"Summer 2019",PHYS,1101,1,"General Physics Laboratory I",Maric,Sladjana,1,16,4,2,0,0,2.724
"Summer 2019",PHYS,1102,4,"General Physics Laboratory II",Wood,"Lowell T",2,12,7,0,0,0,2.762
"Summer 2019",PHYS,1102,4,"General Physics Laboratory II",Maric,Sladjana,2,12,7,0,0,0,2.762
"Summer 2019",PHYS,1102,3,"General Physics Laboratory II",Maric,Sladjana,3,10,9,0,0,1,2.742
"Summer 2019",PHYS,1102,3,"General Physics Laboratory II",Wood,"Lowell T",3,10,9,0,0,1,2.742
"Summer 2019",PHYS,1102,1,"General Physics Laboratory II",Wood,"Lowell T",3,11,7,1,0,0,2.742
"Summer 2019",PHYS,1102,1,"General Physics Laboratory II",Maric,Sladjana,3,11,7,1,0,0,2.742
"Summer 2019",PHYS,1101,5,"General Physics Laboratory I",Maric,Sladjana,3,12,8,1,0,0,2.708
"Summer 2019",PHYS,1101,5,"General Physics Laboratory I",Wood,"Lowell T",3,12,8,1,0,0,2.708
"Summer 2019",PHYS,1101,3,"General Physics Laboratory I",Wood,"Lowell T",3,14,5,0,0,0,2.789
"Summer 2019",PHYS,1101,3,"General Physics Laboratory I",Maric,Sladjana,3,14,5,0,0,0,2.789
"Summer 2019",PHYS,1101,2,"General Physics Laboratory I",Wood,"Lowell T",3,14,6,1,0,0,2.764
"Summer 2019",PHYS,1101,2,"General Physics Laboratory I",Maric,Sladjana,3,14,6,1,0,0,2.764
"Summer 2019",PHYS,1102,5,"General Physics Laboratory II",Maric,Sladjana,4,8,6,1,0,0,2.876
"Summer 2019",PHYS,1102,5,"General Physics Laboratory II",Wood,"Lowell T",4,8,6,1,0,0,2.876
"Summer 2019",PHYS,1102,6,"General Physics Laboratory II",Maric,Sladjana,4,12,4,0,0,0,2.852
"Summer 2019",PHYS,1102,6,"General Physics Laboratory II",Wood,"Lowell T",4,12,4,0,0,0,2.852
"Summer 2019",PHYS,1102,2,"General Physics Laboratory II",Wood,"Lowell T",5,11,6,1,0,0,2.827
"Summer 2019",PHYS,1102,2,"General Physics Laboratory II",Maric,Sladjana,5,11,6,1,0,0,2.827
"Summer 2019",PHYS,1322,1,"University Physics II",Hosur,"Pavan R",16,17,6,2,0,0,3.162
"Summer 2019",PHYS,1321,1,"University Physics I",Varghese,"Oomman K",27,24,6,1,1,0,3.232
"Summer 2019",PHYS,1301,1,"Intro General Physics I","Cardoso Barato",Andre,30,40,33,23,10,6,2.361
"Summer 2019",PHYS,1302,1,"Intro General Physics II",Curran,"Seamus A",35,36,27,13,3,6,2.763
"Summer 2019",POLS,3313,2,"Intro Internatl Relatns",Imamverdiyeva,Ulkar,3,4,5,2,0,4,2.619
"Summer 2019",POLS,3310,2,"Intro to Political Theory",Ette,"Ndifreke Mfon",3,7,2,1,1,2,2.691
"Summer 2019",POLS,1337,4,"US Govt: Congress,Pres & Crts",Contractor,"Cyrus Ali",3,10,5,2,0,2,2.651
"Summer 2019",POLS,3316,1,"Stats for Political Scientists",Lim,Haeyong,5,5,1,0,0,0,3.364
"Summer 2019",POLS,1337,3,"US Govt: Congress,Pres & Crts",Khatri,"Cassandra Giana",6,1,3,2,1,2,2.616
"Summer 2019",POLS,1336,6,"US and Texas Const/Politics","G Barreto de Carvalho",Emilia,6,12,2,1,1,0,2.895
"Summer 2019",POLS,1337,2,"US Govt: Congress,Pres & Crts",Littlepage,"Kelley G",7,13,10,1,1,0,2.812
"Summer 2019",POLS,1337,1,"US Govt: Congress,Pres & Crts",Littlepage,"Kelley G",8,7,3,2,2,1,2.683
"Summer 2019",POLS,3312,2,"Arguments, Data, Politics",Jewell,"Ryan M",9,3,1,2,0,0,3.091
"Summer 2019",POLS,3311,2,"Intro Compar Politics",Vardy,"Ronald V",9,8,2,3,0,3,3
"Summer 2019",POLS,1336,5,"US and Texas Const/Politics",Leland,"Alison W",11,5,0,0,0,0,3.626
"Summer 2019",POLS,3310,1,"Intro to Political Theory",Li,Haimo,11,7,2,0,3,1,2.971
"Summer 2019",POLS,3356,1,"Intro-Constitutionl Law","Abbott Jr","Kenneth Wayne",11,11,3,0,0,3,3.267
"Summer 2019",POLS,1337,7,"US Govt: Congress,Pres & Crts","Abbott Jr","Kenneth Wayne",15,11,7,1,0,2,3.147
"Summer 2019",POLS,3313,1,"Intro Internatl Relatns",Vardy,"Ronald V",15,14,9,1,1,3,2.984
"Summer 2019",POLS,1336,2,"US and Texas Const/Politics",Cole,"Jeffrey Bryan",16,7,1,0,1,1,3.467
"Summer 2019",POLS,3318,2,"Intro To Public Policy",Hofer,"Scott J",17,7,1,0,0,2,3.561
"Summer 2019",POLS,1336,3,"US and Texas Const/Politics","Konak Unal",Saadet,20,15,3,1,0,0,3.351
"Summer 2019",POLS,1337,8,"US Govt: Congress,Pres & Crts",Davis,"Sharon M",23,10,3,0,2,5,3.36
"Summer 2019",POLS,1336,10,"US and Texas Const/Politics","Abbott Jr","Kenneth Wayne",26,14,3,1,0,3,3.395
"Summer 2019",POLS,1336,1,"US and Texas Const/Politics",Cole,"Jeffrey Bryan",29,10,3,0,1,0,3.473
"Summer 2019",POLS,1336,4,"US and Texas Const/Politics",Bumgardner,"Marcia N",41,6,0,0,0,1,3.851
"Summer 2019",PSYC,3301,5,"Intro Psych Stats",Wen,Xueqi,5,2,2,0,1,3,3.066
"Summer 2019",PSYC,4321,2,"Abnormal Psychology",Lebar,"Jacob L",5,2,4,1,3,1,2.223
"Summer 2019",PSYC,3310,2,"Indstrl-Orgnztnl Psy",Martir,"Allison Blair",5,7,4,0,3,1,2.579
"Summer 2019",PSYC,3310,1,"Indstrl-Orgnztnl Psy",Alonso,"Nicole Ashley",6,13,10,1,4,3,2.451
"Summer 2019",PSYC,3301,4,"Intro Psych Stats",Lewis,"Blaine A",8,15,6,4,2,5,2.648
"Summer 2019",PSYC,3325,3,"Psychology of Personality",Cheref,Soumia,9,0,2,0,1,0,3.333
"Summer 2019",PSYC,3350,4,"Intro-Cognitv Psy",Forouzan,Shadab,9,3,0,2,0,0,3.31
"Summer 2019",PSYC,2350,1,"Child Development",Sun,Lichao,10,26,18,4,6,5,2.433
"Summer 2019",PSYC,3350,1,"Intro-Cognitv Psy",Anderson,"Jill Annette",10,29,14,1,0,4,2.809
"Summer 2019",PSYC,1300,4,"Intro To Psychology",Capuozzo,"Kristen Irene",11,4,1,1,0,1,3.432
"Summer 2019",PSYC,3325,2,"Psychology of Personality",Anderson,"Jill Annette",11,25,9,4,3,4,2.731
"Summer 2019",PSYC,2351,1,"Psychology of Adolescence",So,"Christine J",13,3,1,1,0,0,3.501
"Summer 2019",PSYC,2344,1,"Cultural Psychology",Grigorenko,"Elena L",14,9,3,1,0,4,3.333
"Summer 2019",PSYC,3350,2,"Intro-Cognitv Psy",Anderson,"Jill Annette",14,30,5,0,3,1,3.019
"Summer 2019",PSYC,2350,2,"Child Development",Meers,"Jessica Michelle",14,38,11,6,9,3,2.496
"Summer 2019",PSYC,3325,4,"Psychology of Personality",Anderson,"Jill Annette",15,19,12,4,1,5,2.804
"Summer 2019",PSYC,3350,3,"Intro-Cognitv Psy",Claussenius-Kalman,Hannah,15,30,7,1,3,1,2.976
"Summer 2019",PSYC,4321,1,"Abnormal Psychology",Gonzalez,"Rogelio David",15,33,20,1,5,3,2.658
"Summer 2019",PSYC,3325,5,"Psychology of Personality",Olson,"Michael Edward",17,17,4,0,0,2,3.29
"Summer 2019",PSYC,4321,4,"Abnormal Psychology",Long,"Laura J",17,20,7,1,3,0,2.965
"Summer 2019",PSYC,2351,3,"Psychology of Adolescence",Lorenz,"Whitney Petit",22,14,3,0,2,1,3.325
"Summer 2019",PSYC,2301,5,"Intro To Methods in Psychology",Villanueva,"Lynda S",24,24,5,1,3,1,3.204
"Summer 2019",PSYC,2351,4,"Psychology of Adolescence",Penner,Francesca,26,11,1,1,1,1,3.492
"Summer 2019",PSYC,3325,1,"Psychology of Personality",Fox,"Katherine A",28,24,10,3,3,0,3.025
"Summer 2019",PSYC,2380,2,"Intro To Social Psy",Bartlett,"Brooke A",30,26,9,4,1,3,3.133
"Summer 2019",PSYC,2301,3,"Intro To Methods in Psychology",Villanueva,"Lynda S",32,14,6,2,4,2,3.224
"Summer 2019",PSYC,3341,1,"Physiological Psy",Torres,Stephanie,33,19,4,1,4,1,3.181
"Summer 2019",PSYC,1300,1,"Intro To Psychology",Woodward,"Emma C",33,25,5,3,3,3,3.145
"Summer 2019",PSYC,1300,5,"Intro To Psychology",Kordovski,Victoria,37,7,3,2,1,1,3.5
"Summer 2019",PSYC,3310,3,"Indstrl-Orgnztnl Psy",Kazmi,"Maryam Ahmad",38,24,5,2,2,3,3.282
"Summer 2019",PSYC,3301,1,"Intro Psych Stats",Cone,"Rissa Selene",39,0,0,0,0,2,4
"Summer 2019",PSYC,3341,2,"Physiological Psy",Tierney,"Savanna M",41,14,2,0,1,0,3.581
"Summer 2019",PSYC,1300,2,"Intro To Psychology",Smith,"Lia J",42,15,12,1,3,4,3.215
"Summer 2019",PSYC,2301,1,"Intro To Methods in Psychology",Villanueva,"Lynda S",43,9,4,3,0,1,3.593
"Summer 2019",PSYC,3301,2,"Intro Psych Stats",Ingels,"Daniel J",47,21,2,0,3,2,3.462
"Summer 2019",PSYC,2380,3,"Intro To Social Psy",Sutu,"Andreea Emanuela",52,12,8,0,1,4,3.553
"Summer 2019",PSYC,2344,3,"Cultural Psychology",Hong,Judy,53,15,4,3,2,1,3.506
"Summer 2019",PSYC,2344,2,"Cultural Psychology",Odafe,Mary,59,17,2,2,0,0,3.675
"Summer 2019",PSYC,4321,3,"Abnormal Psychology",Snead,Alexandra,60,14,2,1,1,0,3.722
"Summer 2019",PSYC,2344,4,"Cultural Psychology",Haddad,Sana,65,7,5,0,3,0,3.609
"Summer 2019",PSYC,1300,3,"Intro To Psychology",Lau,Simon,67,9,2,0,1,1,3.776
"Summer 2019",PSYC,3339,1,"Intro To Clinical Psychology",Szafranski,"Derek D",67,9,7,2,4,1,3.476
"Summer 2019",RELS,3396,1,"Sel Topics Religious Studies",Pegoda,"Andrew Joseph",6,2,1,1,1,1,2.91
"Summer 2019",RELS,3370,1,"The Bible and Modern Science",Ott,"Aaron Frederick",14,0,1,2,1,1,3.278
"Summer 2019",RELS,1301,1,"Intro To Religious Studies",Schmidt,Charles,15,8,1,1,0,2,3.533
"Summer 2019",SCLT,3381,31,"Industrial and Consumer Sales",Cassler,Daniel,0,11,6,2,1,0,2.433
"Summer 2019",SCLT,3381,30,"Industrial and Consumer Sales",Cassler,Daniel,0,14,6,0,1,0,2.587
"Summer 2019",SCLT,2380,30,"Distribution Channels",Kidd,"Margaret A",12,26,9,0,0,0,3.092
"Summer 2019",SCLT,3387,30,Procurement,Hollis,"Thomas Edward",16,0,0,0,0,0,4
"Summer 2019",SCLT,3385,30,"Transport Economics and Policy",Lamb,"James L",35,4,0,0,0,0,3.847
"Summer 2019",SCLT,2362,30,"Intro To Logistics Technology",Kidd,"Margaret A",41,8,0,0,0,1,3.769
"Summer 2019",SCLT,3384,1,"Logistics Tech and Processes",Burns,Maria,78,2,0,0,0,0,3.93
"Summer 2019",SCM,3301,2,"SCM Fundamentals",Khumawala,"Basheer M",5,22,12,3,1,6,2.689
"Summer 2019",SCM,3301,1,"SCM Fundamentals",Khumawala,"Basheer M",6,11,5,5,1,1,2.642
"Summer 2019",SCM,"   6A01",1,"Production & Operations Mgt",Sahin,Funda,20,15,0,0,0,0,3.581
"Summer 2019",SCM,4362,1,"Demand and Supply Integration",Narayanan,Arunachalam,22,15,1,0,0,2,3.587
"Summer 2019",SOC,3397,3,"Sel-Topics in Sociology",Karner,"Tracy Xavia",13,0,0,0,0,0,3.949
"Summer 2019",SOC,3397,1,"Sel-Topics in Sociology",Grigorian,Stella,13,0,0,0,0,0,3.949
"Summer 2019",SOC,3349,1,"Sociology of Culture",Singh,"Sheila Kaur",21,11,2,0,0,10,3.539
"Summer 2019",SOC,1300,7,"Introduction To Sociology",Nelson,"Steven M",22,15,2,2,2,4,3.171
"Summer 2019",SOC,1300,4,"Introduction To Sociology",Nelson,"Steven M",25,12,2,2,2,3,3.295
"Summer 2019",SOC,1300,6,"Introduction To Sociology",Dorsey,"Patricia Lynne",28,10,2,3,0,4,3.419
"Summer 2019",SOC,3327,1,"Racial and Ethnic Relations",Davis,"Mary A",29,9,7,1,2,1,3.223
"Summer 2019",SOC,1300,1,"Introduction To Sociology",Dorsey,"Patricia Lynne",38,7,0,1,0,2,3.725
"Summer 2019",SOC,3312,2,"Sociology of Deviance",Gallo,"Joseph Ralph",48,2,0,0,0,0,3.96
"Summer 2019",SOCW,7397,2,"Selected Topics in Social Work",Bromfield,"Nicole Footen",8,18,1,0,0,0,3.284
"Summer 2019",SOCW,7397,3,"Selected Topics in Social Work",Simonds,"Richard Michael",10,1,0,0,0,0,3.729
"Summer 2019",SOCW,7320,2,Empowerment,Rabo,"Amber L",15,6,0,0,0,0,3.714
"Summer 2019",SOCW,7326,1,"Disparities in Health",Torres,Isabel,18,0,0,0,0,0,4
"Summer 2019",SOCW,7354,1,"Spirituality and Aging",Coleman,"Daniel Irvin",18,8,0,0,0,0,3.616
"Summer 2019",SOCW,7323,1,"Organizatnl Behavior & Change",Beck,"Mary H",20,4,0,0,0,1,3.737
"Summer 2019",SOCW,7303,1,"Child Abuse and Neglect",Boyd,"Reiko K",20,5,0,0,0,0,3.813
"Summer 2019",SOCW,7378,1,"Integrated Behav Healthcare",Lane,"Liza Barros",22,1,0,0,0,2,3.885
"Summer 2019",SOCW,7378,1,"Integrated Behav Healthcare",Yu,Miao,22,1,0,0,0,2,3.885
"Summer 2019",SOCW,7378,1,"Integrated Behav Healthcare",Lucas,Virginia,22,1,0,0,0,2,3.885
"Summer 2019",SOCW,7339,2,"Prof. Grant Writing for SW",Stagg,"Helen Ruth",22,1,1,0,0,0,3.765
"Summer 2019",SOCW,7320,1,Empowerment,Boyd,"Reiko K",23,2,0,0,0,0,3.801
"Summer 2019",SOCW,7397,9,"Selected Topics in Social Work",Lane,"Liza Barros",23,4,0,0,0,0,3.791
"Summer 2019",SOCW,7373,1,"Human Sexuality & Sw",Gracely,"Jill Marie",24,1,0,0,0,0,3.973
"Summer 2019",SOCW,7371,1,"Trauma & SW",Parks,"Steven Lee",24,2,0,0,0,0,3.796
"Summer 2019",SOCW,7397,4,"Selected Topics in Social Work",Acquati,Chiara,24,2,0,0,0,0,3.872
"Summer 2019",SOCW,7366,1,"Grief/Bereave Therapy",Rodgers,"Beverly J",24,3,0,0,0,0,3.816
"Summer 2019",SOCW,7339,7,"Prof. Grant Writing for SW",Stagg,"Helen Ruth",26,0,0,0,0,0,3.898
"Summer 2019",SOCW,7340,1,"Clinical Practice with Child",Byrne,"Bonnie Jean",26,0,0,0,0,0,3.949
"Summer 2019",SOCW,7309,1,"Contemporary Issues in MH",Battle,"Jennifer Alene",26,1,0,0,0,0,3.914
"Summer 2019",SOCW,7356,2,"Groups in Clinical Settings",Courville,Travis,27,0,0,0,0,0,3.939
"Summer 2019",SOCW,7365,1,"Crisis Intervention",Battle,"Jennifer Alene",27,0,0,0,0,0,4
"Summer 2019",SOCW,6304,1,"Women's Issues",Brashear,"Barbett L",29,0,0,0,0,0,4
"Summer 2019",SOCW,7368,1,"Trauma Treatment for Children",Taylor,"Patricia G",30,0,0,0,0,0,3.989
"Summer 2019",SOCW,7368,1,"Trauma Treatment for Children",Amtsberg,"Donna K.",30,0,0,0,0,0,3.989
"Summer 2019",SPAN,2302,1,"Intermediate Spanish II","Santos Guevara",Criseida,2,8,5,0,1,1,2.625
"Summer 2019",SPAN,1501,3,"Elementary Spanish I",Fernandez,"Sylvia Arlene",6,2,3,1,0,0,3.001
"Summer 2019",SPAN,2301,2,"Intermediate Spanish I","Abend Van Dalen","Raquel Andreina de la Trinidad",6,11,2,1,0,0,3.018
"Summer 2019",SPAN,2302,7,"Intermediate Spanish II","Felker Centeno","Ana Emilia",8,8,0,1,1,0,3.148
"Summer 2019",SPAN,2302,2,"Intermediate Spanish II","Estrada Medina",Francisco,10,8,5,1,0,1,3.139
"Summer 2019",SPAN,2302,2,"Intermediate Spanish II",Balestra,Alejandra,10,8,5,1,0,1,3.139
"Summer 2019",SPAN,3307,1,"Public Speaking in Spanish",Fairclough,"Marta A",12,2,0,0,0,0,3.716
"Summer 2019",SPAN,3307,1,"Public Speaking in Spanish","Alamillo Olivas","Rosalva Angelica",12,2,0,0,0,0,3.716
"Summer 2019",SPAN,1501,5,"Elementary Spanish I",Cano,Jaime,12,2,2,1,0,0,3.432
"Summer 2019",SPAN,2302,12,"Intermediate Spanish II","Garcia Marino","Helena Maria",12,2,6,0,2,2,2.955
"Summer 2019",SPAN,3375,2,"US Hispanic Culture & Civiliza",Zubiate,"Maria Laura",12,3,0,0,0,1,3.712
"Summer 2019",SPAN,2301,1,"Intermediate Spanish I","Morales Utria",Yordanis,12,6,4,0,0,1,3.349
"Summer 2019",SPAN,1502,1,"Elementary Spanish II","Enriquez Burria","Nuria Montserrat",12,9,2,2,0,0,3.055
"Summer 2019",SPAN,3308,1,"Written Com-Hisp Herit Learner",Ferrer,"Tatiana Ines",13,2,1,0,0,0,3.668
"Summer 2019",SPAN,3308,1,"Written Com-Hisp Herit Learner",Fairclough,"Marta A",13,2,1,0,0,0,3.668
"Summer 2019",SPAN,2301,3,"Intermediate Spanish I","Perez Vigil De Mostaccero","Sylvia Rossana",13,4,3,1,4,1,2.774
"Summer 2019",SPAN,2307,1,"Span for Heritage Learners I",Hernandez,Estela,13,5,1,0,0,1,3.493
"Summer 2019",SPAN,2308,1,"Span for Heritage Learners II",Zapata,"Annette Michelle",14,13,0,0,0,1,3.555
"Summer 2019",SPAN,4313,1,"Advanced Eng/Span Translation",Cuesta,Mabel,16,0,0,0,0,0,4
"Summer 2019",SPAN,1501,1,"Elementary Spanish I",Akines,"Arielle Lanae",16,5,4,0,1,1,3.257
"Summer 2019",SPAN,1502,3,"Elementary Spanish II",Torres,Cristina,18,4,3,0,1,0,3.398
"Summer 2019",SPEC,6353,1,"Technology in Special Pops",Goodrich,"Elizabeth A",8,3,0,0,0,0,3.637
"Summer 2019",SPEC,4353,1,"Technology in Special Pops",Goodrich,"Elizabeth A",8,3,2,0,0,2,3.436
"Summer 2019",SPEC,6360,2,"Individuals with Disabilities",Hill,"Deena Clair",10,1,0,0,0,0,3.849
"Summer 2019",SPEC,7391,1,"Collab Consulting & Coaching",Antonelli,Janeen,10,2,0,0,0,0,3.806
"Summer 2019",SPEC,7391,4,"Collab Consulting & Coaching",Hassett,"Kristen Spring",13,0,0,0,0,1,4
"Summer 2019",SPEC,6360,1,"Individuals with Disabilities",Malechuk,"Brian Edward",18,0,0,0,0,0,4
"Summer 2019",SPEC,3360,2,"Individuals with Disabilities",McKee,Shannon,21,11,2,0,0,2,3.501
"Summer 2019",SPEC,3360,1,"Individuals with Disabilities",Christensen,Caroline,23,11,0,1,0,2,3.562
"Summer 2019",SPEC,4367,1,"Consultation and Coaching",Cobb,"Amanda Lee",28,1,3,0,0,0,3.761
"Summer 2019",STAT,3331,1,"Statistical Anal Bus Appl I",Caceres,"Miguel A",16,22,28,57,25,7,1.584
"Summer 2019",TELS,4341,30,"Production & Service Operation",Terrell,"John Allen",7,7,4,1,0,1,2.983
"Summer 2019",TELS,3363,5,"Technical Communications",Tangeman,"Anthony C",7,8,4,0,2,0,2.873
"Summer 2019",TELS,4342,2,"Quality Improvement Methods",O'kelley,"Donna K",7,11,1,2,0,1,3.095
"Summer 2019",TELS,3345,30,"Human Resources in Technology",Pyka,"Jerry A",8,3,3,0,3,1,2.687
"Summer 2019",TELS,3340,30,"Org Leadership & Supervision",Pyka,"Jerry A",9,1,1,0,0,0,3.697
"Summer 2019",TELS,3363,30,"Technical Communications",Harris,Elizabeth,9,4,2,0,2,2,3.078
"Summer 2019",TELS,4341,2,"Production & Service Operation",Lattier,"Gregory Jeff",10,8,6,0,2,0,2.809
"Summer 2019",TELS,3345,1,"Human Resources in Technology",Mehring,"Brian George",10,8,6,0,7,1,2.398
"Summer 2019",TELS,3363,1,"Technical Communications",Tangeman,"Anthony C",11,10,2,0,1,0,3.319
"Summer 2019",TELS,4372,1,"Proposal and Project Writing",Barnwell,Tracy,14,2,1,1,3,1,3.095
"Summer 2019",TELS,3363,3,"Technical Communications",Feriante,Chris,14,6,2,0,1,1,3.32
"Summer 2019",TELS,3355,1,"Project Leadership",Moore,"George P",15,14,5,0,0,1,3.207
"Summer 2019",TELS,3363,31,"Technical Communications",Feriante,Chris,16,2,3,0,3,0,3.098
"Summer 2019",TELS,4342,30,"Quality Improvement Methods",Chance,"Michael Dean",17,3,0,0,0,0,3.735
"Summer 2019",TELS,4371,1,"Leading Change in the Wrkplace",Evans,"Gerald S",18,3,0,2,0,1,3.48
"Summer 2019",TELS,3340,2,"Org Leadership & Supervision",Evans,"Gerald S",18,6,1,0,1,1,3.488
"Summer 2019",TELS,3363,4,"Technical Communications",Murphey,Jimidene,19,6,0,0,0,0,3.773
"Summer 2019",TELS,3363,2,"Technical Communications",Murphey,Jimidene,20,1,2,0,0,1,3.768
"Summer 2019",TELS,4342,1,"Quality Improvement Methods",O'kelley,"Donna K",20,16,3,0,0,0,3.36
"Summer 2019",TELS,4341,1,"Production & Service Operation",Chance,"Michael Dean",23,12,3,1,1,0,3.375
"Summer 2019",TELS,3340,1,"Org Leadership & Supervision",Lattier,"Gregory Jeff",27,4,6,1,2,3,3.259
"Summer 2019",THEA,6180,1,"Applying Methods Acting/Voice",Ferrarone,Jessica,10,1,0,0,0,0,3.759
"Summer 2019",THEA,6284,1,"Program Management",Springfield,Travis,12,0,0,0,0,0,4
"Summer 2019",THEA,6182,1,"Applying Methods Light/Costume",Willson,"Paige A",12,0,0,0,0,0,4
"Summer 2019",THEA,6384,1,Directing,Cook,"Rena R",12,0,0,0,0,0,4
"Summer 2019",THEA,6381,1,"Scenic Des for H.S. Director",Rigdon,"Kevin L",12,0,0,0,0,0,4
"Summer 2019",THEA,6287,1,"Acting Styles",Noble,"Adam S",12,0,0,0,0,0,3.863
"Summer 2019",THEA,6385,1,"Technical Direction/Shop Maint",Middents,"Jonathan Mark",12,0,0,0,0,0,4
"Summer 2019",THEA,6282,1,"Field Work London",Ferrarone,Jessica,12,0,0,0,0,0,4
"Summer 2019",THEA,6282,3,"Field Work London",Ferrarone,Jessica,12,0,0,0,0,0,4
"Summer 2019",THEA,6386,1,"Drama in Context",Shimko,"Robert B",12,0,0,0,0,0,3.945
"Summer 2019",THEA,6383,1,"Light/Cost Des for HS Director",Rigdon,"Kevin L",12,0,0,0,0,0,4
"Summer 2019",THEA,6184,1,"Applying Methods in Dir/Styles",Cook,"Rena R",12,0,0,0,0,0,3.973
"Summer 2019",THEA,6382,1,"Dramaturgy for H.S. Director",Shimko,"Robert B",12,0,0,0,0,0,3.863
"Summer 2019",THEA,6281,1,"The teaching of Voice",Lopez-Rios,"Irma Michelle",12,0,0,0,0,0,3.973
"Summer 2019",THEA,6280,1,"The teaching of Acting",Ferrarone,Jessica,12,0,0,0,0,0,3.945
"Summer 2019",THEA,6181,1,"Applying Method Des/Dramaturgy",Shimko,"Robert B",12,0,0,0,0,0,4
"Summer 2019",THEA,6282,5,"Field Work London",Ferrarone,Jessica,12,0,0,0,0,0,4
"Summer 2019",THEA,6383,1,"Light/Cost Des for HS Director",Willson,"Paige A",12,0,0,0,0,0,4
"Summer 2019",THEA,6181,1,"Applying Method Des/Dramaturgy",Rigdon,"Kevin L",12,0,0,0,0,0,4
"Summer 2019",THEA,1331,2,"Introduction To Theatre",Egging,"Jon Leo",37,15,3,1,0,1,3.513
"Summer 2019",THEA,1331,4,"Introduction To Theatre",Brincks,Alan,48,5,3,0,0,4,3.792
"Summer 2019",THEA,1331,1,"Introduction To Theatre",Young,"Courtney Leigh",52,3,2,1,0,1,3.816
"Summer 2019",THEA,1331,3,"Introduction To Theatre",Hinkel,"Heidi Anne",54,4,0,1,0,0,3.853
"Summer 2019",TMTH,3360,30,"Applied Technical Statistics",Tellegen,Margaret,10,8,4,1,2,3,2.88
"Summer 2019",TMTH,3360,1,"Applied Technical Statistics",Schroeder,"Susan L",13,16,3,0,1,1,3.242
"Summer 2019",TMTH,3360,4,"Applied Technical Statistics",Schroeder,"Susan L",16,13,2,2,1,0,3.157
"Summer 2019",WCL,2352,2,"World Cinema",Kleinheider,"Julia D",10,12,1,0,3,2,2.962
"Summer 2019",WCL,3366,2,"Latin American and Latino Film",Centeno,Daniel,13,6,0,0,0,0,3.667
"Summer 2019",WGSS,2360,2,"Introduction to GLBT Studies","Chadez Ibarra","Rusquin Roberto",9,2,0,0,0,0,3.878
"Summer 2019",WGSS,2350,2,"Intro To Women's Studies",Pegoda,"Andrew Joseph",9,8,5,1,0,0,3.159
